company_name:ID,number_laid_off,date_of,percentage_of_company,stage,:LABEL
Tencent,300,2023-02-17,,Post-IPO,COMPANY
DocuSign,680,2023-02-16,0.1,Post-IPO,COMPANY
Pico Interactive,400,2023-02-16,0.2,Acquired,COMPANY
The RealReal,230,2023-02-16,0.07,Post-IPO,COMPANY
Smartsheet,85,2023-02-16,0.03,Post-IPO,COMPANY
Wix,370,2023-02-15,0.06,Post-IPO,COMPANY
ServiceTitan,221,2023-02-15,0.08,Series G,COMPANY
Neon,210,2023-02-15,0.09,Series D,COMPANY
Jellysmack,208,2023-02-15,,Series C,COMPANY
DigitalOcean,200,2023-02-15,0.11,Post-IPO,COMPANY
Sprinklr,100,2023-02-15,0.04,Post-IPO,COMPANY
Betterment,28,2023-02-15,,Series F,COMPANY
CommerceHub,371,2023-02-14,0.31,Acquired,COMPANY
Twilio,1500,2023-02-13,0.17,Post-IPO,COMPANY
Electric,141,2023-02-13,0.25,Series D,COMPANY
PetLove,94,2023-02-13,,Series C,COMPANY
iRobot,85,2023-02-13,0.07,Acquired,COMPANY
Collective Health,54,2023-02-13,,Series F,COMPANY
Magic Eden,22,2023-02-13,,Series B,COMPANY
Moladin,360,2023-02-12,0.11,Series B,COMPANY
TripleLift,100,2023-02-10,0.2,Acquired,COMPANY
TikTok India,40,2023-02-10,,Acquired,COMPANY
Yahoo,1600,2023-02-09,0.2,Acquired,COMPANY
Misfits Market,649,2023-02-09,0.33,Series C,COMPANY
Deliveroo,350,2023-02-09,0.09,Post-IPO,COMPANY
Olive AI,215,2023-02-09,0.35,Series H,COMPANY
GitLab,130,2023-02-09,0.07,Post-IPO,COMPANY
Bark,126,2023-02-09,0.12,Post-IPO,COMPANY
Nomad Health,119,2023-02-09,0.17,Unknown,COMPANY
Veriff,66,2023-02-09,0.12,Series C,COMPANY
REE Automotive,31,2023-02-09,0.11,Post-IPO,COMPANY
GoDaddy,530,2023-02-08,0.08,Post-IPO,COMPANY
Affirm,500,2023-02-08,0.19,Post-IPO,COMPANY
Gusto,126,2023-02-08,0.05,Series E,COMPANY
Gong,80,2023-02-08,0.07,Series E,COMPANY
Beam Benefits,31,2023-02-08,0.08,Series E,COMPANY
Equitybee,24,2023-02-08,0.25,Series B,COMPANY
Zoom,1300,2023-02-07,0.15,Post-IPO,COMPANY
eBay,500,2023-02-07,0.04,Post-IPO,COMPANY
SecureWorks,212,2023-02-07,0.09,Post-IPO,COMPANY
Salesloft,100,2023-02-07,0.1,Acquired,COMPANY
Openpay,83,2023-02-07,1.0,Post-IPO,COMPANY
LearnUpon,27,2023-02-07,0.09,Private Equity,COMPANY
Dell,6650,2023-02-06,0.05,Post-IPO,COMPANY
Loggi,300,2023-02-06,0.07,Series F,COMPANY
Catch.com.au,100,2023-02-06,,Acquired,COMPANY
VinFast US,80,2023-02-06,,Subsidiary,COMPANY
Drift,59,2023-02-06,,Acquired,COMPANY
Pocket Aces,50,2023-02-06,0.25,Unknown,COMPANY
Clari,20,2023-02-06,,Series F,COMPANY
Kyruus,70,2023-02-05,,Unknown,COMPANY
Lightico,20,2023-02-05,0.25,Series B,COMPANY
FarEye,90,2023-02-03,,Series E,COMPANY
Protocol Labs,89,2023-02-03,0.2,Unknown,COMPANY
Byju's,1500,2023-02-02,,Private Equity,COMPANY
Okta,300,2023-02-02,0.05,Post-IPO,COMPANY
Autodesk,250,2023-02-02,0.02,Post-IPO,COMPANY
Mindstrong,127,2023-02-02,,Series C,COMPANY
NCC Group,125,2023-02-02,0.07,Post-IPO,COMPANY
Miro,119,2023-02-02,0.07,Series C,COMPANY
Getir,100,2023-02-02,,Series E,COMPANY
Highspot,100,2023-02-02,0.1,Series F,COMPANY
Bittrex,80,2023-02-02,,Unknown,COMPANY
Snowplow,40,2023-02-02,,Series B,COMPANY
Articulate,38,2023-02-02,,Series A,COMPANY
Splunk,325,2023-02-01,0.04,Post-IPO,COMPANY
Pinterest,150,2023-02-01,,Post-IPO,COMPANY
DraftKings,140,2023-02-01,0.04,Post-IPO,COMPANY
Cyren,121,2023-02-01,,Post-IPO,COMPANY
Workato,90,2023-02-01,0.1,Series E,COMPANY
VerticalScope,60,2023-02-01,0.22,Post-IPO,COMPANY
Wheel,56,2023-02-01,0.28,Series C,COMPANY
Chainalysis,44,2023-02-01,0.05,Series F,COMPANY
Exterro,24,2023-02-01,0.03,Private Equity,COMPANY
TheSkimm,17,2023-02-01,0.1,Series C,COMPANY
PayPal,2000,2023-01-31,0.07,Post-IPO,COMPANY
NetApp,960,2023-01-31,0.08,Post-IPO,COMPANY
Workday,525,2023-01-31,0.03,Post-IPO,COMPANY
HubSpot,500,2023-01-31,0.07,Post-IPO,COMPANY
Upstart,365,2023-01-31,0.2,Post-IPO,COMPANY
Software AG,200,2023-01-31,0.04,Post-IPO,COMPANY
Wish,150,2023-01-31,0.17,Post-IPO,COMPANY
Wefox,100,2023-01-31,,Series D,COMPANY
Tilting Point,60,2023-01-31,0.14,Unknown,COMPANY
Gokada,54,2023-01-31,,Unknown,COMPANY
AU10TIX,19,2023-01-31,0.09,Unknown,COMPANY
Philips,6000,2023-01-30,0.13,Post-IPO,COMPANY
OLX Group,1500,2023-01-30,0.15,Acquired,COMPANY
Arrival,800,2023-01-30,0.5,Post-IPO,COMPANY
Groupon,500,2023-01-30,,Post-IPO,COMPANY
Intel,343,2023-01-30,,Post-IPO,COMPANY
Glovo,250,2023-01-30,0.06,Acquired,COMPANY
Delivery Hero,156,2023-01-30,0.04,Post-IPO,COMPANY
Impossible Foods copy,140,2023-01-30,0.2,Series H,COMPANY
Chrono24,65,2023-01-30,0.13,Series C,COMPANY
Me Poupe,60,2023-01-28,0.5,Unknown,COMPANY
CoinTracker,19,2023-01-28,,Series A,COMPANY
SSense,138,2023-01-27,0.07,Series A,COMPANY
DealShare,100,2023-01-27,0.06,Series E,COMPANY
Ruggable,100,2023-01-27,,Seed,COMPANY
Synopsys,100,2023-01-27,,Post-IPO,COMPANY
Heycar,73,2023-01-27,,Unknown,COMPANY
Matrixport,29,2023-01-27,0.1,Series C,COMPANY
Shakepay,21,2023-01-27,0.25,Series A,COMPANY
#Paid,19,2023-01-27,0.17,Series B,COMPANY
SAP,3000,2023-01-26,0.03,Post-IPO,COMPANY
Confluent,221,2023-01-26,0.08,Post-IPO,COMPANY
IBM,3900,2023-01-25,0.02,Post-IPO,COMPANY
Lam Research,1300,2023-01-25,0.07,Post-IPO,COMPANY
Shutterfly,360,2023-01-25,,Acquired,COMPANY
Luno,330,2023-01-25,0.35,Acquired,COMPANY
Clear Capital,250,2023-01-25,0.25,Unknown,COMPANY
Guardant Health,130,2023-01-25,0.07,Post-IPO,COMPANY
SirionLabs,130,2023-01-25,0.15,Series D,COMPANY
Tier Mobility,80,2023-01-25,0.07,Series D,COMPANY
Vacasa,1300,2023-01-24,0.17,Post-IPO,COMPANY
Innovaccer,245,2023-01-24,0.15,Series E,COMPANY
Bolt,50,2023-01-24,0.1,Series E,COMPANY
PartnerStack,40,2023-01-24,0.2,Series B,COMPANY
Gitpod,21,2023-01-24,0.28,Series A,COMPANY
OFFOR Health,16,2023-01-24,,Series A,COMPANY
Venngage,11,2023-01-24,0.2,Unknown,COMPANY
Spotify,600,2023-01-23,0.06,Post-IPO,COMPANY
Uber Freight,150,2023-01-23,0.03,Subsidiary,COMPANY
Inmobi,50,2023-01-23,,Unknown,COMPANY
Innovid,40,2023-01-23,0.1,Post-IPO,COMPANY
Booktopia,30,2023-01-23,,Series A,COMPANY
Ermetic,30,2023-01-23,0.17,Series B,COMPANY
Namogoo,20,2023-01-23,0.15,Series C,COMPANY
Google,12000,2023-01-20,0.06,Post-IPO,COMPANY
Wayfair,1750,2023-01-20,0.1,Post-IPO,COMPANY
Swiggy,380,2023-01-20,0.06,Unknown,COMPANY
MediBuddy,200,2023-01-20,,Acquired,COMPANY
Vox Media,130,2023-01-20,0.07,Series F,COMPANY
BitTorrent,92,2023-01-20,,Acquired,COMPANY
Karat,47,2023-01-20,,Unknown,COMPANY
Enjoei,31,2023-01-20,0.1,Unknown,COMPANY
Edifecs,30,2023-01-20,,Unknown,COMPANY
Citrine Informatics,22,2023-01-20,0.27,Series C,COMPANY
Capital One,1100,2023-01-19,,Post-IPO,COMPANY
WeWork ,300,2023-01-19,,Post-IPO,COMPANY
Hubilo,115,2023-01-19,0.35,Series B,COMPANY
Saks.com,100,2023-01-19,0.05,Unknown,COMPANY
CS Disco,62,2023-01-19,0.09,Post-IPO,COMPANY
Riot Games,46,2023-01-19,,Acquired,COMPANY
Hydrow,30,2023-01-19,,Series D,COMPANY
Microsoft,10000,2023-01-18,0.05,Post-IPO,COMPANY
Sophos,450,2023-01-18,0.1,Acquired,COMPANY
Teladoc Health,300,2023-01-18,0.06,Post-IPO,COMPANY
Vroom,275,2023-01-18,0.2,Post-IPO,COMPANY
8x8,155,2023-01-18,0.07,Post-IPO,COMPANY
Pagaya,140,2023-01-18,0.2,Post-IPO,COMPANY
Benevity,137,2023-01-18,0.14,Unknown,COMPANY
Inspirato,109,2023-01-18,0.12,Post-IPO,COMPANY
Jumpcloud,100,2023-01-18,0.12,Series F,COMPANY
nCino,100,2023-01-18,0.07,Post-IPO,COMPANY
Starry,100,2023-01-18,0.24,Post-IPO,COMPANY
Hootsuite,70,2023-01-18,0.07,Series C,COMPANY
Clue,31,2023-01-18,0.31,Unknown,COMPANY
Addepar,20,2023-01-18,0.03,Series F,COMPANY
Lightspeed Commerce,300,2023-01-17,0.1,Post-IPO,COMPANY
Unity,284,2023-01-17,0.03,Post-IPO,COMPANY
Britishvolt,206,2023-01-17,1.0,Unknown,COMPANY
Clutch,150,2023-01-17,,Unknown,COMPANY
Exotel,142,2023-01-17,0.15,Series D,COMPANY
Unico,110,2023-01-17,0.1,Series D,COMPANY
Tul,100,2023-01-17,,Series B,COMPANY
American Robotics,50,2023-01-17,0.65,Acquired,COMPANY
Luxury Presence,44,2023-01-17,,Series B,COMPANY
RingCentral,30,2023-01-17,,Post-IPO,COMPANY
PagBank,500,2023-01-16,0.07,Post-IPO,COMPANY
ShareChat,500,2023-01-16,0.2,Series H,COMPANY
Gramophone,75,2023-01-16,,Series B,COMPANY
ClearCo,50,2023-01-16,0.3,Series C,COMPANY
Captain Fresh ,120,2023-01-15,,Series C,COMPANY
Snappy,100,2023-01-15,0.3,Series C,COMPANY
BharatAgri,40,2023-01-15,0.43,Series A,COMPANY
Black Shark,900,2023-01-13,,Unknown,COMPANY
Ola,200,2023-01-13,,Series J,COMPANY
Bonterra ,140,2023-01-13,0.1,Unknown,COMPANY
Vial,40,2023-01-13,,Series B,COMPANY
Lending Club,225,2023-01-12,0.14,Post-IPO,COMPANY
SmartNews,120,2023-01-12,0.4,Series F,COMPANY
Skit.ai,115,2023-01-12,,Series B,COMPANY
Pier,111,2023-01-12,0.39,Series B,COMPANY
Blockchain.com,110,2023-01-12,0.28,Series D,COMPANY
Greenlight,104,2023-01-12,0.21,Series D,COMPANY
Cashfree Payments,100,2023-01-12,,Series B,COMPANY
Mapbox,64,2023-01-12,,Unknown,COMPANY
Definitive Healthcare,55,2023-01-12,0.06,Post-IPO,COMPANY
Akili Labs,46,2023-01-12,0.3,Seed,COMPANY
Career Karma,22,2023-01-12,,Series B,COMPANY
Flexport,640,2023-01-11,0.2,Series E,COMPANY
Qualtrics,270,2023-01-11,0.05,Post-IPO,COMPANY
Verily,250,2023-01-11,0.15,,COMPANY
Tipalti,123,2023-01-11,0.11,Series F,COMPANY
Jumio,100,2023-01-11,0.06,Private Equity,COMPANY
CoinDCX,80,2023-01-11,,Series D,COMPANY
HashiCorp,69,2023-01-11,,Post-IPO,COMPANY
Embark,41,2023-01-11,,Series B,COMPANY
Intrinsic,40,2023-01-11,0.2,Acquired,COMPANY
Citizen,33,2023-01-11,,Series C,COMPANY
Coinbase,950,2023-01-10,0.2,Post-IPO,COMPANY
Informatica,450,2023-01-10,0.07,Post-IPO,COMPANY
Blend,340,2023-01-10,0.28,Post-IPO,COMPANY
Till Payments,120,2023-01-10,,Series C,COMPANY
ConsenSys,100,2023-01-10,0.11,Series D,COMPANY
ForeScout,100,2023-01-10,0.1,Post-IPO,COMPANY
Thinkific,76,2023-01-10,0.19,Post-IPO,COMPANY
LEAD,60,2023-01-10,,Series E,COMPANY
Parler,60,2023-01-10,0.75,Series B,COMPANY
GoBolt,55,2023-01-10,0.05,Series C,COMPANY
Relevel,40,2023-01-10,0.2,,COMPANY
StreamElements,40,2023-01-10,0.2,Series B,COMPANY
Fate Therapeutics,315,2023-01-09,0.57,Post-IPO,COMPANY
Minute Media,50,2023-01-08,0.1,Series I,COMPANY
WalkMe,43,2023-01-08,0.03,Post-IPO,COMPANY
Huobi,275,2023-01-06,0.2,Unknown,COMPANY
Carbon Health,200,2023-01-06,,Series D,COMPANY
Bounce,40,2023-01-06,0.05,Series D,COMPANY
Cue,388,2023-01-05,,Post-IPO,COMPANY
SoundHound,200,2023-01-05,0.5,Post-IPO,COMPANY
Socure,104,2023-01-05,0.19,Series E,COMPANY
Genesis,60,2023-01-05,0.3,Series A,COMPANY
Moglix,40,2023-01-05,0.02,Series F,COMPANY
Twitter,40,2023-01-05,,Post-IPO,COMPANY
Everlane,30,2023-01-05,0.17,Unknown,COMPANY
Pecan AI,30,2023-01-05,0.25,Series C,COMPANY
Personetics,30,2023-01-05,0.08,Private Equity,COMPANY
Twine Solutions ,30,2023-01-05,0.33,Unknown,COMPANY
UpScalio,25,2023-01-05,0.15,Series B,COMPANY
Amazon,8000,2023-01-04,0.02,Post-IPO,COMPANY
Salesforce,8000,2023-01-04,0.1,Post-IPO,COMPANY
Astronomer,76,2023-01-04,0.2,Series C,COMPANY
Kaltura,75,2023-01-04,0.11,Post-IPO,COMPANY
Augury,20,2023-01-04,0.05,Series E,COMPANY
Pegasystems,245,2023-01-03,0.04,Post-IPO,COMPANY
Uniphore,76,2023-01-03,0.1,Series E,COMPANY
Harappa,60,2023-01-03,0.3,Acquired,COMPANY
Amdocs,700,2023-01-02,0.03,Post-IPO,COMPANY
PayU,150,2022-12-26,0.06,Acquired,COMPANY
Willow,99,2022-12-23,0.22,Unknown,COMPANY
Back Market,93,2022-12-23,0.13,Series E,COMPANY
Zoopla,50,2022-12-23,,Series C,COMPANY
Qualcomm,153,2022-12-22,,Post-IPO,COMPANY
TuSimple,350,2022-12-21,0.25,Post-IPO,COMPANY
Chope,65,2022-12-20,0.24,Series E,COMPANY
Briza,26,2022-12-20,0.4,Series A,COMPANY
Homebot,18,2022-12-19,0.13,Acquired,COMPANY
Tomorrow,30,2022-12-16,0.25,Unknown,COMPANY
Revelate,24,2022-12-16,0.3,Series A,COMPANY
BigCommerce,180,2022-12-15,0.13,Post-IPO,COMPANY
Freshworks,90,2022-12-15,0.02,Post-IPO,COMPANY
LeafLink,80,2022-12-15,0.31,Series C,COMPANY
Workmotion,60,2022-12-15,0.2,Series B,COMPANY
JD.ID,200,2022-12-14,0.3,Post-IPO,COMPANY
GoStudent,100,2022-12-14,,Series D,COMPANY
Quanergy Systems,72,2022-12-14,,Post-IPO,COMPANY
Headspace,50,2022-12-14,0.04,Unknown,COMPANY
ChowNow,40,2022-12-14,0.1,Series C,COMPANY
Thumbtack,160,2022-12-13,0.14,Series I,COMPANY
Edgio,95,2022-12-13,0.1,Post-IPO,COMPANY
Komodo Health,78,2022-12-13,0.09,Series E,COMPANY
Viant,46,2022-12-13,0.13,Post-IPO,COMPANY
Pluralsight,400,2022-12-12,0.2,Acquired,COMPANY
Freshly,329,2022-12-12,,Acquired,COMPANY
Balto,35,2022-12-12,,Series B,COMPANY
Outschool,43,2022-12-10,0.25,Series D,COMPANY
Xentral,20,2022-12-10,0.1,Series B,COMPANY
Playtika,600,2022-12-09,0.15,Post-IPO,COMPANY
Share Now,150,2022-12-09,0.36,Acquired,COMPANY
Alice,113,2022-12-09,0.16,Series C,COMPANY
Primer,85,2022-12-09,0.33,Series B,COMPANY
OneFootball,62,2022-12-09,0.115,Series D,COMPANY
C2FO,20,2022-12-09,0.02,Series H,COMPANY
Airtable,254,2022-12-08,0.2,Series F,COMPANY
Swiggy,250,2022-12-08,0.03,Unknown,COMPANY
Glints,198,2022-12-08,0.18,Series D,COMPANY
Buser,160,2022-12-08,0.3,Series C,COMPANY
BlackLine,95,2022-12-08,0.05,Private Equity,COMPANY
Chrono24,80,2022-12-08,,Series C,COMPANY
Otonomo,80,2022-12-08,0.5,Post-IPO,COMPANY
TechTarget,60,2022-12-08,0.05,Post-IPO,COMPANY
Inscripta,43,2022-12-08,,Series E,COMPANY
CyCognito,30,2022-12-08,0.15,Series C,COMPANY
Armis,25,2022-12-08,0.04,Private Equity,COMPANY
Vedantu,385,2022-12-07,,Series E,COMPANY
Loft,312,2022-12-07,0.12,Unknown,COMPANY
Plaid,260,2022-12-07,0.2,Series D,COMPANY
Motive,237,2022-12-07,0.06,Series F,COMPANY
Recur Forever,235,2022-12-07,,Series A,COMPANY
Relativity,150,2022-12-07,0.1,Private Equity,COMPANY
Voi,130,2022-12-07,0.13,Series D,COMPANY
Integral Ad Science,120,2022-12-07,0.13,Acquired,COMPANY
Houzz,95,2022-12-07,0.08,Series E,COMPANY
Grover,40,2022-12-07,0.1,Unknown,COMPANY
Lev,30,2022-12-07,0.3,Series B,COMPANY
Lithic,27,2022-12-07,0.18,Series C,COMPANY
Doma,515,2022-12-06,0.4,Post-IPO,COMPANY
Intel,201,2022-12-06,,Post-IPO,COMPANY
BuzzFeed,180,2022-12-06,0.12,Post-IPO,COMPANY
Weedmaps,175,2022-12-06,0.25,Acquired,COMPANY
Adobe,100,2022-12-06,,Post-IPO,COMPANY
Chipper Cash,50,2022-12-06,0.125,Series C,COMPANY
Stash,32,2022-12-06,0.08,Unknown,COMPANY
Perimeter 81,20,2022-12-06,0.08,Series C,COMPANY
Koinly,16,2022-12-06,0.14,Unknown,COMPANY
Bridgit,13,2022-12-06,0.13,Series B,COMPANY
Swyftx,90,2022-12-05,0.4,Unknown,COMPANY
Aqua Security,65,2022-12-05,0.1,Series E,COMPANY
DataRails,30,2022-12-05,0.18,Series B,COMPANY
OYO,600,2022-12-03,,Series F,COMPANY
HealthifyMe,150,2022-12-03,,Series C,COMPANY
Cognyte,100,2022-12-02,0.05,Unknown,COMPANY
ShareChat,100,2022-12-02,,Unknown,COMPANY
Polly,47,2022-12-02,0.15,Series C,COMPANY
Carousell,110,2022-12-01,0.1,Private Equity,COMPANY
Bizzabo,100,2022-12-01,0.37,Series E,COMPANY
BloomTech,88,2022-12-01,0.5,Unknown,COMPANY
Netlify,48,2022-12-01,0.16,Series D,COMPANY
Springbig,37,2022-12-01,0.23,Post-IPO,COMPANY
DoorDash,1250,2022-11-30,0.06,Post-IPO,COMPANY
Kraken,1100,2022-11-30,0.3,Unknown,COMPANY
Happy Money,158,2022-11-30,0.34,Series D,COMPANY
Ula,134,2022-11-30,0.23,Series B,COMPANY
Wonder,130,2022-11-30,0.07,Series B,COMPANY
StudySmarter,70,2022-11-30,,Series A,COMPANY
Grin,60,2022-11-30,0.13,Series B,COMPANY
Ual√°,53,2022-11-30,0.03,Series D,COMPANY
Teachmint,45,2022-11-30,0.05,Series B,COMPANY
Etermax,40,2022-11-30,,Unknown,COMPANY
Thread,30,2022-11-30,0.5,Acquired,COMPANY
Bitso,100,2022-11-29,,Series C,COMPANY
Lyst,50,2022-11-29,0.25,Unknown,COMPANY
CoinJar,10,2022-11-29,0.2,Unknown,COMPANY
Infarm,500,2022-11-28,0.5,Series D,COMPANY
Wildlife Studios,300,2022-11-28,0.2,Unknown,COMPANY
Hirect,200,2022-11-28,0.4,Series A,COMPANY
ApplyBoard,90,2022-11-28,0.06,Series D,COMPANY
Ajaib,67,2022-11-28,0.08,Unknown,COMPANY
Candy Digital,33,2022-11-28,0.33,Series A,COMPANY
ResearchGate,25,2022-11-28,0.1,Series D,COMPANY
VerSe Innovation,150,2022-11-25,0.05,Series J,COMPANY
Carwow,70,2022-11-25,0.2,Unknown,COMPANY
Vendease,27,2022-11-25,0.09,Series A,COMPANY
Lemon,100,2022-11-24,0.38,Series A,COMPANY
Quidax,20,2022-11-24,0.2,Unknown,COMPANY
Western Digital,251,2022-11-22,,Post-IPO,COMPANY
SIRCLO,160,2022-11-22,0.08,Series B,COMPANY
Trax,80,2022-11-22,0.08,Series E,COMPANY
Jumia,900,2022-11-21,0.2,Post-IPO,COMPANY
Kitopi,93,2022-11-21,0.1,Series C,COMPANY
Zomato,100,2022-11-19,0.04,Series J,COMPANY
Carvana,1500,2022-11-18,0.08,Post-IPO,COMPANY
Nuro,300,2022-11-18,0.2,Series D,COMPANY
Synthego,105,2022-11-18,0.2,Series E,COMPANY
Splyt,57,2022-11-18,,Series B,COMPANY
Roku,200,2022-11-17,0.07,Post-IPO,COMPANY
Orchard,180,2022-11-17,,Series D,COMPANY
Homepoint,113,2022-11-17,,Post-IPO,COMPANY
Juni,72,2022-11-17,0.33,Unknown,COMPANY
Chili Piper,58,2022-11-17,,Series B,COMPANY
Capitolis,37,2022-11-17,0.25,Series D,COMPANY
TealBook,34,2022-11-17,0.19,Series B,COMPANY
Koho,15,2022-11-17,0.04,Series D,COMPANY
&Open,9,2022-11-17,0.09,Series A,COMPANY
Amazon,10000,2022-11-16,0.03,Post-IPO,COMPANY
Cisco,4100,2022-11-16,0.05,Post-IPO,COMPANY
Twiga,211,2022-11-16,0.21,Series C,COMPANY
Wayflyer,200,2022-11-16,0.4,Unknown,COMPANY
SimilarWeb,120,2022-11-16,0.1,Post-IPO,COMPANY
Salsify,90,2022-11-16,0.11,Series F,COMPANY
Lokalise,76,2022-11-16,0.23,Series B,COMPANY
Yotpo,70,2022-11-16,0.09,Unknown,COMPANY
Pear Therapeutics,59,2022-11-16,0.22,Post-IPO,COMPANY
UiPath,241,2022-11-15,0.06,Post-IPO,COMPANY
Asana,180,2022-11-15,0.09,Post-IPO,COMPANY
OwnBackup,170,2022-11-15,0.17,Series E,COMPANY
Deliveroo Australia,120,2022-11-15,1.0,Post-IPO,COMPANY
Productboard,100,2022-11-15,0.2,Series D,COMPANY
Properly,71,2022-11-15,,Series B,COMPANY
Protocol,60,2022-11-15,1.0,Acquired,COMPANY
Jimdo,50,2022-11-15,0.16,Unknown,COMPANY
The Zebra,50,2022-11-15,,Series D,COMPANY
Viber,45,2022-11-15,0.08,Acquired,COMPANY
CaptivateIQ,31,2022-11-15,0.1,Series C,COMPANY
Illumina,500,2022-11-14,0.05,Post-IPO,COMPANY
Sema4,500,2022-11-14,,Post-IPO,COMPANY
iFit,300,2022-11-14,0.2,Private Equity,COMPANY
Ribbon,170,2022-11-14,0.85,Series C,COMPANY
Pipedrive,143,2022-11-14,0.15,Private Equity,COMPANY
Intercom,124,2022-11-14,0.13,Series D,COMPANY
Science 37 ,90,2022-11-14,,Post-IPO,COMPANY
Pear Therapeutics,59,2022-11-14,0.22,Post-IPO,COMPANY
Cardlytics,51,2022-11-14,,Post-IPO,COMPANY
Cloudinary,40,2022-11-14,0.08,Unknown,COMPANY
Nestcoin,30,2022-11-14,,Seed,COMPANY
Gokada,20,2022-11-14,,Unknown,COMPANY
Veev,100,2022-11-11,0.3,Series D,COMPANY
Forto,60,2022-11-11,0.08,Series D,COMPANY
GoTo Group,1300,2022-11-10,0.12,Post-IPO,COMPANY
Juul,400,2022-11-10,0.3,Unknown,COMPANY
Blend,100,2022-11-10,0.06,Post-IPO,COMPANY
InfluxData,65,2022-11-10,0.27,Series D,COMPANY
Coinbase,60,2022-11-10,,Post-IPO,COMPANY
SoundHound,45,2022-11-10,0.1,Post-IPO,COMPANY
Wistia,40,2022-11-10,,Unknown,COMPANY
Ocavu,20,2022-11-10,0.48,Series A,COMPANY
Meta,11000,2022-11-09,0.13,Post-IPO,COMPANY
Redfin,862,2022-11-09,0.13,Post-IPO,COMPANY
Flyhomes,300,2022-11-09,0.4,Series C,COMPANY
AvantStay,144,2022-11-09,0.22,Private Equity,COMPANY
Root Insurance,137,2022-11-09,0.2,Post-IPO,COMPANY
Liftoff,130,2022-11-09,0.15,Acquired,COMPANY
Cameo,80,2022-11-09,,Unknown,COMPANY
Plum,36,2022-11-09,0.1,Series A,COMPANY
Kabam,35,2022-11-09,0.07,Acquired,COMPANY
HighRadius,25,2022-11-09,,Series C,COMPANY
Namogoo,25,2022-11-09,0.15,Series C,COMPANY
EverBridge,200,2022-11-08,,Post-IPO,COMPANY
Repertoire Immune Medicines,65,2022-11-08,0.5,Series B,COMPANY
Salesforce,1000,2022-11-07,0.01,Post-IPO,COMPANY
Unacademy,350,2022-11-07,0.1,Series H,COMPANY
Zendesk,350,2022-11-07,0.05,Acquired,COMPANY
Dock,190,2022-11-07,0.12,Private Equity,COMPANY
Varonis,110,2022-11-06,0.05,Post-IPO,COMPANY
Brainly,25,2022-11-06,,Series D,COMPANY
Twitter,3700,2022-11-04,0.5,Post-IPO,COMPANY
Udaan,350,2022-11-04,,Unknown,COMPANY
Planetly,200,2022-11-04,1.0,Acquired,COMPANY
KoinWorks,70,2022-11-04,0.08,Unknown,COMPANY
Exodus,59,2022-11-04,0.22,Unknown,COMPANY
Stripe,1000,2022-11-03,0.14,Series H,COMPANY
Lyft,700,2022-11-03,0.13,Post-IPO,COMPANY
LendingTree,200,2022-11-03,,Post-IPO,COMPANY
Pleo,150,2022-11-03,0.15,Series C,COMPANY
Delivery Hero,100,2022-11-03,,Post-IPO,COMPANY
Shippo,60,2022-11-03,0.2,Series E,COMPANY
Opendoor,550,2022-11-02,0.18,Post-IPO,COMPANY
Chime,156,2022-11-02,0.12,Series G,COMPANY
Chargebee,142,2022-11-02,0.1,Series H,COMPANY
Dapper Labs,134,2022-11-02,0.22,Series D,COMPANY
Checkmarx,100,2022-11-02,0.1,Series C,COMPANY
Smava,100,2022-11-02,0.15,Unknown,COMPANY
Iron Ox,50,2022-11-02,0.5,Series C,COMPANY
Digital Currency Gruop,10,2022-11-02,0.13,Unknown,COMPANY
Argo AI,259,2022-11-01,,Unknown,COMPANY
Booking.com,226,2022-11-01,,Acquired,COMPANY
Oracle,200,2022-11-01,,Post-IPO,COMPANY
Upstart,140,2022-11-01,0.07,Post-IPO,COMPANY
Gem,100,2022-11-01,0.33,Series C,COMPANY
Oda,70,2022-11-01,0.18,Unknown,COMPANY
Oda,70,2022-11-01,0.18,Unknown,COMPANY
Oda,70,2022-11-01,0.06,Unknown,COMPANY
Hootsuite,50,2022-11-01,0.05,Series C,COMPANY
Drop,24,2022-11-01,,Series B,COMPANY
Tapps Games,10,2022-11-01,,Unknown,COMPANY
Kry,300,2022-10-31,0.1,Series D,COMPANY
Notarize,60,2022-10-31,,Series D,COMPANY
EquityZen,30,2022-10-31,0.27,Series B,COMPANY
Equitybee,25,2022-10-31,0.2,Series B,COMPANY
Dukaan,23,2022-10-31,,Series A,COMPANY
Amazon,150,2022-10-28,,Post-IPO,COMPANY
Fifth Season,100,2022-10-28,1.0,Series B,COMPANY
Advata,32,2022-10-28,0.21,,COMPANY
RenoRun,210,2022-10-27,0.43,Series B,COMPANY
Recharge,84,2022-10-27,0.17,Series B,COMPANY
Lattice,13,2022-10-27,,Series F,COMPANY
MindBody,400,2022-10-26,0.15,Post-IPO,COMPANY
Zillow,300,2022-10-26,0.05,Post-IPO,COMPANY
Cybereason,200,2022-10-26,0.17,Series F,COMPANY
Argo AI,173,2022-10-26,,Unknown,COMPANY
GoFundMe,94,2022-10-26,0.12,Series A,COMPANY
Fundbox,150,2022-10-25,0.42,Series D,COMPANY
Embroker,30,2022-10-25,0.12,Series C,COMPANY
Vee,17,2022-10-25,0.5,Seed,COMPANY
Philips,4000,2022-10-24,0.05,Post-IPO,COMPANY
Cerebral,400,2022-10-24,0.2,Series C,COMPANY
Snyk,198,2022-10-24,0.14,Series F,COMPANY
McMakler,100,2022-10-24,,Unknown,COMPANY
Unico,50,2022-10-24,0.04,Series D,COMPANY
OrCam,62,2022-10-23,0.16,Unknown,COMPANY
Antidote Health,23,2022-10-23,0.38,Unknown,COMPANY
Khoros,120,2022-10-21,0.1,Private Equity,COMPANY
F5,100,2022-10-21,0.01,Post-IPO,COMPANY
Elinvar,43,2022-10-21,0.33,Unknown,COMPANY
Synapsica,30,2022-10-21,0.3,Series A,COMPANY
Hotmart,227,2022-10-20,0.12,Series C,COMPANY
Zeus Living,64,2022-10-20,0.46,Series C,COMPANY
Loom,23,2022-10-20,0.11,Series C,COMPANY
Sales Boomerang,20,2022-10-20,,Private Equity,COMPANY
Gopuff,250,2022-10-19,,Series H,COMPANY
AtoB,32,2022-10-19,0.3,Series B,COMPANY
InfoSum,20,2022-10-19,0.12,Series B,COMPANY
Faire,84,2022-10-18,0.07,Series G,COMPANY
Leafly,56,2022-10-18,0.21,Post-IPO,COMPANY
Ada Health,50,2022-10-17,,Series B,COMPANY
Tiendanube,50,2022-10-17,0.05,Unknown,COMPANY
Flipboard,24,2022-10-16,0.21,Unknown,COMPANY
Clear Capital,378,2022-10-14,0.27,Unknown,COMPANY
Beyond Meat,200,2022-10-14,0.19,Post-IPO,COMPANY
Salesforce,90,2022-10-13,,Post-IPO,COMPANY
Playdots,65,2022-10-13,1.0,Acquired,COMPANY
Byju's,2500,2022-10-12,0.05,Private Equity,COMPANY
6sense,150,2022-10-12,0.1,Series E,COMPANY
Sinch,150,2022-10-12,,Post-IPO,COMPANY
FrontRow,130,2022-10-12,0.75,Series A,COMPANY
Noom,500,2022-10-11,0.1,Series F,COMPANY
MX,200,2022-10-11,,Series C,COMPANY
Brex,136,2022-10-11,0.11,Series D,COMPANY
Pacaso,100,2022-10-11,0.3,Series C,COMPANY
Sketch,80,2022-10-11,,Series A,COMPANY
Udacity,55,2022-10-11,0.13,Unknown,COMPANY
Linkfire,35,2022-10-11,0.35,Seed,COMPANY
HelloFresh,611,2022-10-10,,Post-IPO,COMPANY
Momentive,180,2022-10-10,0.11,Post-IPO,COMPANY
Pavilion Data,96,2022-10-10,0.96,Series D,COMPANY
Redesign Health,67,2022-10-10,0.2,Series C,COMPANY
BioMarin,120,2022-10-07,0.04,Post-IPO,COMPANY
Rev.com,85,2022-10-07,,Series D,COMPANY
Crypto.com,2000,2022-10-06,0.3,Unknown,COMPANY
Peloton,500,2022-10-06,0.12,Post-IPO,COMPANY
Landing,110,2022-10-06,,Series C,COMPANY
Turnitin,51,2022-10-06,0.05,Acquired,COMPANY
Impossible Foods,50,2022-10-06,0.06,Series H,COMPANY
Built In,50,2022-10-05,0.25,Series C,COMPANY
8x8,200,2022-10-04,0.09,Post-IPO,COMPANY
Homie,40,2022-10-04,0.13,Series B,COMPANY
WazirX,60,2022-10-02,0.4,Acquired,COMPANY
Spin,78,2022-09-30,0.1,Acquired,COMPANY
Westwing,125,2022-09-29,,Post-IPO,COMPANY
Mux,40,2022-09-29,0.2,Series D,COMPANY
DocuSign,671,2022-09-28,0.09,Post-IPO,COMPANY
Divvy Homes,40,2022-09-27,0.12,Series B,COMPANY
Konfio,180,2022-09-23,,Series E,COMPANY
Moss,70,2022-09-23,0.15,Series B,COMPANY
Foxtrot,26,2022-09-23,0.035,Series C,COMPANY
Truiloo,24,2022-09-23,0.05,Series D,COMPANY
NYDIG,110,2022-09-22,0.33,Private Equity,COMPANY
Klarna,100,2022-09-22,,Unknown,COMPANY
Kitty Hawk,100,2022-09-21,1.0,Unknown,COMPANY
Compass,271,2022-09-20,,Post-IPO,COMPANY
Curative,109,2022-09-20,,Seed,COMPANY
Ada,78,2022-09-20,0.16,Series C,COMPANY
99,75,2022-09-20,0.02,Acquired,COMPANY
Ola,200,2022-09-19,,Series J,COMPANY
Vesalius Therapeutics,29,2022-09-19,0.43,Series B,COMPANY
Clear,190,2022-09-16,0.2,Series C,COMPANY
TrueLayer,40,2022-09-16,0.1,Series E,COMPANY
LivePerson,193,2022-09-15,0.11,Post-IPO,COMPANY
Acast,70,2022-09-15,0.15,Post-IPO,COMPANY
WorkRamp,35,2022-09-15,0.2,Series C,COMPANY
Twilio,800,2022-09-14,0.11,Post-IPO,COMPANY
Pitch,59,2022-09-14,0.3,Series B,COMPANY
Infarm,50,2022-09-14,0.05,Series D,COMPANY
Netflix,30,2022-09-14,,Post-IPO,COMPANY
Rubius,160,2022-09-13,0.75,Post-IPO,COMPANY
Checkout.com,100,2022-09-13,0.05,Series D,COMPANY
Taboola,100,2022-09-13,0.06,Post-IPO,COMPANY
Patreon,80,2022-09-13,0.17,Series F,COMPANY
Quicko,60,2022-09-12,,Acquired,COMPANY
Mode Analytics,25,2022-09-12,,Series D,COMPANY
Compete,11,2022-09-12,0.28,Series A,COMPANY
SkipTheDishes,350,2022-09-09,,Acquired,COMPANY
Brighte,58,2022-09-09,,Series C,COMPANY
Patreon,5,2022-09-09,,Series F,COMPANY
GoStudent,200,2022-09-08,,Series D,COMPANY
Pomelo Fashion,55,2022-09-08,0.08,Unknown,COMPANY
Genome Medical,23,2022-09-08,,Series C,COMPANY
Simple Feast,150,2022-09-07,1.0,Unknown,COMPANY
Foodpanda,60,2022-09-07,,Acquired,COMPANY
Uber,60,2022-09-07,,Post-IPO,COMPANY
Rupeek,50,2022-09-07,,Unknown,COMPANY
Intercom,49,2022-09-07,0.05,Series D,COMPANY
Pendo,45,2022-09-07,0.05,Series F,COMPANY
Demandbase,27,2022-09-07,0.03,Series H,COMPANY
Brave Care,40,2022-09-06,0.33,Series B,COMPANY
Lawgeex,30,2022-09-06,0.33,Series C,COMPANY
Kuda,23,2022-09-02,0.05,Series B,COMPANY
2TM,100,2022-09-01,0.15,Unknown,COMPANY
Innovaccer,90,2022-09-01,0.08,Series E,COMPANY
Shopify,70,2022-09-01,,Post-IPO,COMPANY
Urban Sports Club,55,2022-09-01,0.15,Unknown,COMPANY
Hedvig,12,2022-09-01,,Series B,COMPANY
Snap,1280,2022-08-31,0.2,Post-IPO,COMPANY
GoodRx,140,2022-08-31,0.16,Post-IPO,COMPANY
Smava,100,2022-08-31,0.1,Unknown,COMPANY
Hippo Insurance,70,2022-08-31,0.1,Post-IPO,COMPANY
Clari,45,2022-08-31,,Series F,COMPANY
Koo,40,2022-08-31,,Series B,COMPANY
TCR2,30,2022-08-31,0.2,Post-IPO,COMPANY
Apartment List,29,2022-08-31,0.1,Series D,COMPANY
Artnight,26,2022-08-31,0.36,Unknown,COMPANY
Electric,81,2022-08-30,,Series D,COMPANY
Immersive Labs,38,2022-08-30,0.1,Series C,COMPANY
Nate,30,2022-08-30,,Series A,COMPANY
Meesho,300,2022-08-29,,Series F,COMPANY
54gene,95,2022-08-29,0.3,Series B,COMPANY
Zymergen,80,2022-08-26,,Acquired,COMPANY
Okta,24,2022-08-26,,Post-IPO,COMPANY
Argyle,20,2022-08-26,0.07,Series B,COMPANY
FreshDirect,40,2022-08-25,,Acquired,COMPANY
Loja Integrada,25,2022-08-25,0.1,Acquired,COMPANY
Reali,140,2022-08-24,1.0,Series B,COMPANY
Loop,15,2022-08-24,0.2,Series A,COMPANY
Tier Mobility,180,2022-08-23,0.16,Series D,COMPANY
Packable,138,2022-08-23,0.2,Unknown,COMPANY
Q4,50,2022-08-23,0.08,Series C,COMPANY
Skedulo,31,2022-08-23,0.08,Series C,COMPANY
Plato,29,2022-08-23,0.5,Seed,COMPANY
NSO,100,2022-08-21,0.14,Seed,COMPANY
Tufin,55,2022-08-21,0.1,Acquired,COMPANY
Amperity,13,2022-08-20,0.03,Series D,COMPANY
Wayfair,870,2022-08-19,0.05,Post-IPO,COMPANY
Stripe,50,2022-08-19,,Series H,COMPANY
Hodlnaut,40,2022-08-19,0.8,Unknown,COMPANY
New Relic,110,2022-08-18,0.05,Post-IPO,COMPANY
Wheel,35,2022-08-18,0.17,Series C,COMPANY
Malwarebytes,125,2022-08-17,0.14,Series B,COMPANY
Fluke,83,2022-08-17,0.82,Seed,COMPANY
Swyftx,74,2022-08-17,0.21,Unknown,COMPANY
Tempo Automation,54,2022-08-17,,Series C,COMPANY
Genesis,52,2022-08-17,0.2,Series A,COMPANY
Warren,50,2022-08-17,,Series C,COMPANY
AlayaCare,80,2022-08-16,0.14,Series D,COMPANY
Pliops,12,2022-08-16,0.09,Series D,COMPANY
Woven,5,2022-08-16,0.15,Series A,COMPANY
Sema4,250,2022-08-15,0.13,Post-IPO,COMPANY
Blend,220,2022-08-15,0.12,Post-IPO,COMPANY
ContraFect,16,2022-08-15,0.37,Post-IPO,COMPANY
Anywell,11,2022-08-14,,Series A,COMPANY
Peloton,784,2022-08-12,0.13,Post-IPO,COMPANY
Truepill,175,2022-08-11,0.33,Series D,COMPANY
Calm,90,2022-08-11,0.2,Series C,COMPANY
FourKites,60,2022-08-11,0.08,Series D,COMPANY
Marketforce,54,2022-08-11,0.09,Series A,COMPANY
Betterfly,30,2022-08-11,,Series C,COMPANY
Expert360,7,2022-08-11,,Series C,COMPANY
Trybe,47,2022-08-10,0.1,Series B,COMPANY
Permutive,30,2022-08-10,0.12,Series C,COMPANY
GoHealth,800,2022-08-09,0.2,Post-IPO,COMPANY
Hootsuite,400,2022-08-09,0.3,Series C,COMPANY
Nutanix,270,2022-08-09,0.04,Post-IPO,COMPANY
Quanterix,130,2022-08-09,0.25,Post-IPO,COMPANY
Wix,100,2022-08-09,,Post-IPO,COMPANY
MadeiraMadeira,60,2022-08-09,0.03,Series E,COMPANY
Melio,60,2022-08-09,,Series D,COMPANY
Linktree,50,2022-08-09,0.17,Unknown,COMPANY
Shogun,48,2022-08-09,0.3,Series C,COMPANY
Absci,40,2022-08-09,,Post-IPO,COMPANY
Dooly,12,2022-08-09,,Series B,COMPANY
Groupon,500,2022-08-08,0.15,Post-IPO,COMPANY
Loggi,500,2022-08-08,0.15,Series F,COMPANY
Vroom,337,2022-08-08,,Post-IPO,COMPANY
Warby Parker,63,2022-08-08,,Post-IPO,COMPANY
Labelbox,36,2022-08-08,,Series D,COMPANY
Perion,20,2022-08-08,0.05,Post-IPO,COMPANY
iRobot,140,2022-08-05,0.1,Acquired,COMPANY
Mejuri,50,2022-08-05,0.1,Series B,COMPANY
Uberflip,31,2022-08-05,0.17,Series A,COMPANY
Doma,250,2022-08-04,0.13,Post-IPO,COMPANY
Article,216,2022-08-04,0.17,Series B,COMPANY
Jam City,200,2022-08-04,0.17,Unknown,COMPANY
10X Genomics,100,2022-08-04,0.08,Post-IPO,COMPANY
LEAD,80,2022-08-04,0.04,Series E,COMPANY
Zendesk,80,2022-08-04,,Acquired,COMPANY
On Deck,73,2022-08-04,0.33,Series A,COMPANY
RenoRun,70,2022-08-04,0.12,Series B,COMPANY
RingCentral,50,2022-08-04,,Post-IPO,COMPANY
Healthcare.com,149,2022-08-03,,Series C,COMPANY
Unbounce,47,2022-08-03,0.2,Series A,COMPANY
Beyond Meat,40,2022-08-03,,Post-IPO,COMPANY
The Org,13,2022-08-03,,Series B,COMPANY
Robinhood,713,2022-08-02,0.23,Post-IPO,COMPANY
Latch,115,2022-08-02,0.37,Post-IPO,COMPANY
Vedantu,100,2022-08-02,,Series E,COMPANY
Seegrid,90,2022-08-02,,Unknown,COMPANY
Nylas,80,2022-08-02,0.25,Series C,COMPANY
Outreach,60,2022-08-02,0.05,Series G,COMPANY
Sendy,54,2022-08-02,0.2,Series B,COMPANY
The Predictive Index,40,2022-08-02,,Acquired,COMPANY
Sendy,30,2022-08-02,0.1,Series B,COMPANY
Stedi,23,2022-08-02,0.3,Series B,COMPANY
Glossier,19,2022-08-02,0.08,Series E,COMPANY
Hash,58,2022-08-01,0.5,Series C,COMPANY
Metigy,75,2022-07-31,1.0,Series B,COMPANY
Vee,16,2022-07-31,0.32,Seed,COMPANY
Ola,1000,2022-07-29,,Series J,COMPANY
Clearco,125,2022-07-29,0.25,Series C,COMPANY
Imperfect Foods,50,2022-07-29,,Series D,COMPANY
Shelf Engine,43,2022-07-29,,Series B,COMPANY
Quantcast,40,2022-07-29,0.06,Series C,COMPANY
Sherpa,22,2022-07-29,,Unknown,COMPANY
Ribbon,136,2022-07-28,,Series C,COMPANY
Career Karma,60,2022-07-28,0.33,Series B,COMPANY
Metromile,60,2022-07-28,0.2,Acquired,COMPANY
Laybuy,45,2022-07-28,,Post-IPO,COMPANY
Allbirds,23,2022-07-28,,Post-IPO,COMPANY
TextNow,22,2022-07-28,,Seed,COMPANY
Rivian,840,2022-07-27,0.06,Post-IPO,COMPANY
Vox Media,39,2022-07-27,0.02,Series F,COMPANY
Coinsquare,30,2022-07-27,0.24,Unknown,COMPANY
Skai,30,2022-07-27,0.04,Series E,COMPANY
Shopify,1000,2022-07-26,0.1,Post-IPO,COMPANY
McMakler,90,2022-07-26,,Unknown,COMPANY
Fiverr,60,2022-07-26,0.08,Post-IPO,COMPANY
InDebted,40,2022-07-26,0.17,Series B,COMPANY
Outbrain,38,2022-07-26,0.03,Post-IPO,COMPANY
Dover,23,2022-07-26,0.3,Series A,COMPANY
Immutable,20,2022-07-26,0.06,Series C,COMPANY
Zymergen,80,2022-07-25,,Acquired,COMPANY
Pear Therapeutics ,25,2022-07-25,0.09,Post-IPO,COMPANY
Soluto,120,2022-07-24,1.0,Acquired,COMPANY
Eucalyptus,50,2022-07-22,0.2,Series C,COMPANY
Workstream,45,2022-07-22,,Series B,COMPANY
Quanto,28,2022-07-22,0.22,Series A,COMPANY
Clarify Health,15,2022-07-22,0.05,Series D,COMPANY
Blockchain.com,150,2022-07-21,0.25,Series D,COMPANY
Callisto Media,140,2022-07-21,0.35,Series D,COMPANY
AppGate,130,2022-07-21,0.22,Post-IPO,COMPANY
WHOOP,95,2022-07-21,0.15,Series F,COMPANY
Rad Power Bikes,63,2022-07-21,0.1,Series D,COMPANY
Lunchbox,60,2022-07-21,0.33,Series B,COMPANY
RealSelf,11,2022-07-21,0.05,Series B,COMPANY
Just Eat Takeaway,390,2022-07-20,,Post-IPO,COMPANY
Flyhomes,200,2022-07-20,0.2,Series C,COMPANY
Varo,75,2022-07-20,,Series E,COMPANY
BlueStacks,60,2022-07-20,,Series C,COMPANY
Lyft,60,2022-07-20,0.02,Post-IPO,COMPANY
Introhive,57,2022-07-20,0.16,Series C,COMPANY
Zencity,30,2022-07-20,0.2,Unknown,COMPANY
Splice,23,2022-07-20,,Series D,COMPANY
Forma.ai,15,2022-07-20,0.09,Series B,COMPANY
Arc,13,2022-07-20,,Seed,COMPANY
Invitae,1000,2022-07-19,,Post-IPO,COMPANY
Olive,450,2022-07-19,0.31,Series H,COMPANY
M1,38,2022-07-19,,Series E,COMPANY
SellerX,28,2022-07-19,,Unknown,COMPANY
Stint,28,2022-07-19,0.2,Unknown,COMPANY
PACT Pharma,94,2022-07-18,,Series C,COMPANY
Gemini,68,2022-07-18,0.07,Unknown,COMPANY
Lusha,30,2022-07-18,0.1,Series B,COMPANY
Bright Money,100,2022-07-15,0.5,Series A,COMPANY
Project44,63,2022-07-15,0.05,Unknown,COMPANY
Heroes,24,2022-07-15,0.2,Unknown,COMPANY
Aspire,23,2022-07-15,,Series A,COMPANY
Zego,85,2022-07-14,0.17,Series C,COMPANY
The Mom Project,54,2022-07-14,0.15,Series C,COMPANY
Unstoppable Domains,42,2022-07-14,0.25,Series B,COMPANY
Kiavi,39,2022-07-14,0.07,Series E,COMPANY
Wave,300,2022-07-13,0.15,Series A,COMPANY
Tonal,262,2022-07-13,0.35,Series E,COMPANY
Fabric,120,2022-07-13,0.4,Series C,COMPANY
Bryter,100,2022-07-13,0.3,Series B,COMPANY
ChowNow,100,2022-07-13,0.2,Series C,COMPANY
Involves,70,2022-07-13,0.18,Unknown,COMPANY
100 Thieves,12,2022-07-13,,Series C,COMPANY
Nuro,7,2022-07-13,,Series D,COMPANY
Gopuff,1500,2022-07-12,0.1,Series H,COMPANY
Fraazo,150,2022-07-12,,Series B,COMPANY
Babylon,100,2022-07-12,,Post-IPO,COMPANY
Hubilo,45,2022-07-12,0.12,Series B,COMPANY
Hopin,242,2022-07-11,0.29,Series D,COMPANY
Alice,63,2022-07-11,,Series C,COMPANY
SundaySky,24,2022-07-11,0.13,Series D,COMPANY
PuduTech,1500,2022-07-08,,Series C,COMPANY
Butler Hospitality,1000,2022-07-08,1.0,Series B,COMPANY
Calibrate,156,2022-07-08,0.24,Series B,COMPANY
Argo AI,150,2022-07-07,0.05,Unknown,COMPANY
Next Insurance,150,2022-07-07,0.17,Series E,COMPANY
Adwerx,40,2022-07-07,,Unknown,COMPANY
Emotive,30,2022-07-07,0.18,Series B,COMPANY
Remote,100,2022-07-06,0.09,Series C,COMPANY
Shopify,50,2022-07-06,,Post-IPO,COMPANY
Anodot,35,2022-07-06,0.27,Series C,COMPANY
SQream,30,2022-07-06,0.18,Series B,COMPANY
Loft,384,2022-07-05,0.12,Unknown,COMPANY
Bizzabo,120,2022-07-05,0.3,Series E,COMPANY
eToro,100,2022-07-05,0.06,Unknown,COMPANY
Verbit,80,2022-07-05,0.1,Series E,COMPANY
Outschool,31,2022-07-05,0.18,Series D,COMPANY
Bullish,30,2022-07-05,0.08,Unknown,COMPANY
Transmit Security,27,2022-07-05,0.07,Series A,COMPANY
Thimble,20,2022-07-05,0.33,Series A,COMPANY
Syte,13,2022-07-05,0.08,Series C,COMPANY
Lightricks,80,2022-07-04,0.12,Series D,COMPANY
Chessable,29,2022-07-04,,Acquired,COMPANY
Sendle,27,2022-07-04,0.12,Series C,COMPANY
Lendis,18,2022-07-04,0.15,Series A,COMPANY
Gorillas,540,2022-07-03,,Series C,COMPANY
Celsius,150,2022-07-03,0.25,Series B,COMPANY
WanderJaunt,85,2022-07-01,1.0,Series B,COMPANY
Canoo,58,2022-07-01,0.06,Post-IPO,COMPANY
Bamboo Health,52,2022-07-01,,Unknown,COMPANY
Teleport,15,2022-07-01,0.06,Series C,COMPANY
Enjoy,400,2022-06-30,0.18,Post-IPO,COMPANY
Crejo.Fun,170,2022-06-30,1.0,Seed,COMPANY
Stash Financial,40,2022-06-30,0.08,Unknown,COMPANY
Nate,30,2022-06-30,0.2,Series A,COMPANY
Snyk,30,2022-06-30,,Series F,COMPANY
Stream,20,2022-06-30,0.12,Series B,COMPANY
Finleap Connect,14,2022-06-30,0.1,Series A,COMPANY
Abra,12,2022-06-30,0.05,Series C,COMPANY
Toppr,350,2022-06-29,,Acquired,COMPANY
Unity,200,2022-06-29,0.04,Post-IPO,COMPANY
Niantic,85,2022-06-29,0.08,Series D,COMPANY
AvantStay,80,2022-06-29,,Unknown,COMPANY
Qumulo,80,2022-06-29,0.19,Series E,COMPANY
Clutch,76,2022-06-29,0.22,Series B,COMPANY
Parallel Wireless,60,2022-06-29,,Unknown,COMPANY
Oye Rickshaw,40,2022-06-29,0.2,Unknown,COMPANY
Rows,18,2022-06-29,0.3,Series B,COMPANY
Baton,16,2022-06-29,0.25,Series A,COMPANY
Substack,13,2022-06-29,0.14,Series B,COMPANY
Huobi,300,2022-06-28,0.3,Unknown,COMPANY
WhiteHat Jr,300,2022-06-28,,Acquired,COMPANY
StockX,120,2022-06-28,0.08,Series E,COMPANY
Sidecar Health,110,2022-06-28,0.4,Series C,COMPANY
StockX,80,2022-06-28,,Series E,COMPANY
Vezeeta,50,2022-06-28,0.1,Series D,COMPANY
Bright Machines,30,2022-06-28,0.08,Unknown,COMPANY
HealthMatch,18,2022-06-28,0.5,Series B,COMPANY
AppLovin,300,2022-06-27,0.12,Post-IPO,COMPANY
UiPath,210,2022-06-27,0.05,Post-IPO,COMPANY
Udaan,180,2022-06-27,0.04,Unknown,COMPANY
Cue,170,2022-06-27,,Post-IPO,COMPANY
Banxa,70,2022-06-27,0.3,Post-IPO,COMPANY
SafeGraph,27,2022-06-27,0.25,Series B,COMPANY
Postscript,43,2022-06-26,,Series C,COMPANY
Bitpanda,270,2022-06-24,0.27,Series C,COMPANY
Sunday,90,2022-06-24,0.23,Series A,COMPANY
Bestow,41,2022-06-24,0.14,Series C,COMPANY
Ethos Life,40,2022-06-24,0.12,Series D,COMPANY
Netflix,300,2022-06-23,0.03,Post-IPO,COMPANY
Aura,70,2022-06-23,0.09,Series F,COMPANY
Pipl,22,2022-06-23,0.13,Unknown,COMPANY
Vouch,15,2022-06-23,0.07,Series C,COMPANY
Voyage SMS,8,2022-06-23,0.13,Unknown,COMPANY
MasterClass,120,2022-06-22,0.2,Series E,COMPANY
IronNet,90,2022-06-22,0.35,Post-IPO,COMPANY
Bungalow,70,2022-06-22,,Series C,COMPANY
IronNet,55,2022-06-22,0.17,Post-IPO,COMPANY
Sprinklr,50,2022-06-22,,Post-IPO,COMPANY
Superpedestrian,35,2022-06-22,0.07,Series C,COMPANY
Voi,35,2022-06-22,0.1,Series D,COMPANY
Balto,30,2022-06-22,,Series B,COMPANY
Ritual,23,2022-06-22,0.16,Series C,COMPANY
Ebanx,340,2022-06-21,0.2,Series B,COMPANY
TaskUs,52,2022-06-21,0.0,Post-IPO,COMPANY
Community,40,2022-06-21,0.3,Unknown,COMPANY
Sourcegraph,24,2022-06-21,0.08,Series D,COMPANY
Bybit,600,2022-06-20,0.3,Unknown,COMPANY
SummerBio,101,2022-06-20,1.0,Unknown,COMPANY
Trax,100,2022-06-20,0.12,Series E,COMPANY
Aqgromalin,80,2022-06-20,0.3,Unknown,COMPANY
Bonsai,30,2022-06-20,0.55,Series A,COMPANY
Brighte,30,2022-06-20,0.15,Series C,COMPANY
CityMall,191,2022-06-19,0.3,Series C,COMPANY
BitOasis,9,2022-06-19,0.05,Series B,COMPANY
Unacademy,150,2022-06-18,0.03,Series H,COMPANY
Bytedance,150,2022-06-17,,Unknown,COMPANY
Socure,69,2022-06-17,0.13,Series E,COMPANY
Finite State,16,2022-06-17,0.2,Series B,COMPANY
JOKR,50,2022-06-16,0.05,Series B,COMPANY
Zumper,45,2022-06-16,0.15,Series D,COMPANY
PharmEasy,40,2022-06-16,,Unknown,COMPANY
Swappie,250,2022-06-15,0.17,Series C,COMPANY
Wealthsimple,159,2022-06-15,0.13,Unknown,COMPANY
Weee!,150,2022-06-15,0.1,Series E,COMPANY
Notarize,110,2022-06-15,0.25,Series D,COMPANY
Elementor,60,2022-06-15,0.15,Unknown,COMPANY
Tonkean,23,2022-06-15,0.23,Series B,COMPANY
Airtame,15,2022-06-15,,Unknown,COMPANY
OpenWeb,14,2022-06-15,0.05,Series E,COMPANY
Swyft,10,2022-06-15,0.3,Series A,COMPANY
Coinbase,1100,2022-06-14,0.18,Post-IPO,COMPANY
Redfin,470,2022-06-14,0.08,Post-IPO,COMPANY
Compass,450,2022-06-14,0.1,Post-IPO,COMPANY
Sami,75,2022-06-14,0.15,Unknown,COMPANY
Breathe,50,2022-06-14,0.33,Series A,COMPANY
Hunty,30,2022-06-14,,Seed,COMPANY
TIFIN,24,2022-06-14,0.1,Series D,COMPANY
BlockFi,250,2022-06-13,0.2,Series E,COMPANY
Wave Sports and Entertainment,56,2022-06-13,0.33,Series B,COMPANY
Studio,33,2022-06-13,0.4,Series B,COMPANY
Crypto.com,260,2022-06-10,0.05,Unknown,COMPANY
FarEye,250,2022-06-10,0.3,Series E,COMPANY
Berlin Brands Group,100,2022-06-10,0.1,Unknown,COMPANY
Sanar,60,2022-06-10,0.2,Unknown,COMPANY
Freetrade,45,2022-06-10,0.15,Unknown,COMPANY
Albert,20,2022-06-10,0.08,Series C,COMPANY
OneTrust,950,2022-06-09,0.25,Series C,COMPANY
Stitch Fix,330,2022-06-09,0.15,Post-IPO,COMPANY
Daniel Wellington,200,2022-06-09,0.15,Unknown,COMPANY
Convoy,90,2022-06-09,0.07,Series E,COMPANY
Hologram,80,2022-06-09,0.4,Series B,COMPANY
Boozt,70,2022-06-09,0.05,Post-IPO,COMPANY
The Grommet,40,2022-06-09,1.0,Acquired,COMPANY
Stashaway,31,2022-06-09,0.14,Series D,COMPANY
Preply,26,2022-06-09,0.05,Series C,COMPANY
Sonder,250,2022-06-08,0.21,Post-IPO,COMPANY
Kavak,150,2022-06-08,,Series E,COMPANY
Truepill,150,2022-06-08,0.15,Series D,COMPANY
iPrice Group,50,2022-06-08,0.2,Unknown,COMPANY
Cazoo,750,2022-06-07,0.15,Post-IPO,COMPANY
Cazoo,750,2022-06-07,0.15,Post-IPO,COMPANY
Rupeek,180,2022-06-07,0.15,Unknown,COMPANY
Lummo,150,2022-06-07,,Series C,COMPANY
Bird,138,2022-06-07,0.23,Post-IPO,COMPANY
ID.me,130,2022-06-07,,Unknown,COMPANY
KiwiCo,40,2022-06-07,,Unknown,COMPANY
Clearco,60,2022-06-06,,Series C,COMPANY
Dutchie,50,2022-06-06,0.07,Series D,COMPANY
Eruditus,40,2022-06-04,,Series E,COMPANY
Afterverse,60,2022-06-03,0.2,Unknown,COMPANY
Superhuman,23,2022-06-03,0.22,Series C,COMPANY
Food52,21,2022-06-03,0.15,Acquired,COMPANY
Carbon Health,250,2022-06-02,0.08,Series D,COMPANY
Favo,170,2022-06-02,,Series A,COMPANY
PolicyGenius,170,2022-06-02,0.25,Series E,COMPANY
Yojak,140,2022-06-02,0.5,Seed,COMPANY
Envato,100,2022-06-02,,Unknown,COMPANY
Gemini,100,2022-06-02,0.1,Unknown,COMPANY
Stord,59,2022-06-02,0.08,Series D,COMPANY
Gather,30,2022-06-02,0.33,Series B,COMPANY
Shef,29,2022-06-02,,Series A,COMPANY
IRL,25,2022-06-02,0.25,Series C,COMPANY
TomTom,500,2022-06-01,0.1,Post-IPO,COMPANY
Cybereason,100,2022-06-01,0.06,Series F,COMPANY
Udayy,100,2022-06-01,1.0,Seed,COMPANY
2TM,90,2022-06-01,0.12,Unknown,COMPANY
Curve,65,2022-06-01,0.1,Series C,COMPANY
Loom,34,2022-06-01,0.14,Series C,COMPANY
Skillshare,31,2022-06-01,,Unknown,COMPANY
Impala,30,2022-06-01,0.35,Series B,COMPANY
Eaze,25,2022-06-01,,Series D,COMPANY
Playtika,250,2022-05-31,0.06,Post-IPO,COMPANY
Replicated,50,2022-05-31,,Series C,COMPANY
Tomo,44,2022-05-31,0.33,Series A,COMPANY
Getta,30,2022-05-31,,Series A,COMPANY
BookClub,12,2022-05-31,0.25,Series A,COMPANY
SWVL,400,2022-05-30,0.32,Post-IPO,COMPANY
Mobile Premier League,100,2022-05-30,0.1,Series E,COMPANY
SumUp,100,2022-05-30,0.03,Unknown,COMPANY
FrontRow,145,2022-05-27,0.3,Series A,COMPANY
Daloopa,40,2022-05-27,,Series A,COMPANY
Uncapped,29,2022-05-27,0.26,Unknown,COMPANY
VTEX,200,2022-05-26,0.13,Post-IPO,COMPANY
Bitso,80,2022-05-26,0.11,Series C,COMPANY
Foodpanda,80,2022-05-26,,Acquired,COMPANY
Dazn,50,2022-05-26,0.02,Unknown,COMPANY
Lacework,300,2022-05-25,0.2,Series D,COMPANY
Bolt,240,2022-05-25,0.27,Series E,COMPANY
PeerStreet,75,2022-05-25,,Series C,COMPANY
Kontist,50,2022-05-25,0.25,Series B,COMPANY
Nuri,45,2022-05-25,0.2,Series B,COMPANY
Coterie Insurance,30,2022-05-25,0.2,Series B,COMPANY
Gorillas,300,2022-05-24,0.5,Series C,COMPANY
Zenius,200,2022-05-24,,Series B,COMPANY
The Zebra,40,2022-05-24,,Series D,COMPANY
Klarna,700,2022-05-23,0.1,Unknown,COMPANY
PayPal,83,2022-05-23,,Post-IPO,COMPANY
Buenbit,80,2022-05-23,0.45,Series A,COMPANY
BeyondMinds,65,2022-05-23,1.0,Series A,COMPANY
ClickUp,60,2022-05-23,0.07,Series C,COMPANY
Airtime,30,2022-05-23,0.2,Series B,COMPANY
MFine,600,2022-05-21,0.75,Series C,COMPANY
Latch,130,2022-05-20,0.28,Post-IPO,COMPANY
Outside,87,2022-05-20,0.15,Series B,COMPANY
Skillz,70,2022-05-20,0.1,Post-IPO,COMPANY
Cars24,600,2022-05-19,0.06,Series G,COMPANY
Vedantu,424,2022-05-18,0.07,Series E,COMPANY
Netflix,150,2022-05-17,0.01,Post-IPO,COMPANY
Kry,100,2022-05-17,0.1,Series D,COMPANY
Picsart,90,2022-05-17,0.08,Series C,COMPANY
Zak,100,2022-05-16,0.4,Series A,COMPANY
AliExpress Russia,400,2022-05-14,0.4,Acquired,COMPANY
Thirty Madison,24,2022-05-14,,Acquired,COMPANY
CommonBond,22,2022-05-13,,Series D,COMPANY
Zwift,150,2022-05-12,,Series C,COMPANY
Section4,32,2022-05-12,,Series A,COMPANY
DataRobot,70,2022-05-11,0.07,Series G,COMPANY
Carvana,2500,2022-05-10,0.12,Post-IPO,COMPANY
Doma,310,2022-05-10,0.15,Post-IPO,COMPANY
Pollen,200,2022-05-10,0.33,Series C,COMPANY
Latch,30,2022-05-10,0.06,Post-IPO,COMPANY
Vroom,270,2022-05-09,0.14,Post-IPO,COMPANY
Reef,750,2022-05-06,0.05,Unknown,COMPANY
divvyDOSE,62,2022-05-06,,Acquired,COMPANY
Vedantu,200,2022-05-05,0.03,Series E,COMPANY
Mural,90,2022-05-05,0.1,Series C,COMPANY
On Deck,72,2022-05-05,0.25,Series A,COMPANY
SEND,300,2022-05-04,1.0,Seed,COMPANY
Colossus,97,2022-05-04,,Series A,COMPANY
Cameo,87,2022-05-04,0.25,Unknown,COMPANY
Mainstreet,45,2022-05-04,0.3,Series A,COMPANY
Ideoclick,40,2022-05-04,,Series A,COMPANY
Vise,25,2022-05-04,,Series C,COMPANY
Avo,500,2022-05-01,0.67,Series B,COMPANY
Noom,495,2022-04-29,,Series F,COMPANY
Domestika,150,2022-04-28,0.19,Series D,COMPANY
Netflix,25,2022-04-28,,Post-IPO,COMPANY
Wahoo Fitness,50,2022-04-27,,Unknown,COMPANY
Robinhood,340,2022-04-26,0.09,Post-IPO,COMPANY
Bonsai,29,2022-04-26,0.34,Series A,COMPANY
Clyde,22,2022-04-25,,Series B,COMPANY
Xiaohongshu,180,2022-04-21,0.09,Series E,COMPANY
Facily,260,2022-04-20,0.3,Series D,COMPANY
Lemonade,52,2022-04-20,,Post-IPO,COMPANY
Blend,200,2022-04-19,0.1,Post-IPO,COMPANY
QuintoAndar,160,2022-04-19,0.04,Series E,COMPANY
Loft,159,2022-04-19,,Unknown,COMPANY
Humble,10,2022-04-15,,Acquired,COMPANY
Ahead,44,2022-04-14,1.0,Unknown,COMPANY
Rad Power Bikes,100,2022-04-12,0.14,Series D,COMPANY
Meesho,150,2022-04-11,,Series F,COMPANY
Food52,20,2022-04-08,0.1,Acquired,COMPANY
Unacademy,1000,2022-04-07,0.17,Series H,COMPANY
Goodfood,70,2022-04-07,,Post-IPO,COMPANY
Workrise,450,2022-04-05,,Series E,COMPANY
BitMEX,75,2022-04-04,0.25,Seed,COMPANY
Legible,23,2022-04-04,0.38,Post-IPO,COMPANY
Lightico,20,2022-03-31,,Series B,COMPANY
Sea,350,2022-03-30,,Post-IPO,COMPANY
Rasa,59,2022-03-30,0.4,Series B,COMPANY
Gopuff,450,2022-03-29,0.03,Series H,COMPANY
Thinkific,100,2022-03-29,0.2,Post-IPO,COMPANY
Furlenco,180,2022-03-26,,Series D,COMPANY
Storytel,100,2022-03-17,0.1,Post-IPO,COMPANY
Curology,150,2022-03-16,,Series D,COMPANY
Trell,300,2022-03-15,0.5,Series B,COMPANY
Knock,115,2022-03-15,0.46,Unknown,COMPANY
Better.com,3000,2022-03-08,0.33,Unknown,COMPANY
Adaptive Biotechnologies,100,2022-03-08,0.12,Post-IPO,COMPANY
Hyperscience,100,2022-03-03,0.25,Series E,COMPANY
WeDoctor,500,2022-03-02,,Series F,COMPANY
Wish,190,2022-03-01,0.15,Post-IPO,COMPANY
OKCredit,30,2022-02-24,,Series B,COMPANY
Lido,150,2022-02-21,,Series A,COMPANY
Virgin Hyperloop,111,2022-02-21,0.5,Unknown,COMPANY
Trustly,120,2022-02-17,,Acquired,COMPANY
Liv Up,100,2022-02-16,0.15,Series D,COMPANY
Homie,119,2022-02-14,0.29,Series B,COMPANY
Hopin,138,2022-02-10,0.12,Series D,COMPANY
Daily Harvest,60,2022-02-10,0.2,Series D,COMPANY
Peloton,2800,2022-02-08,0.2,Post-IPO,COMPANY
Rhino,57,2022-02-03,0.2,Unknown,COMPANY
Gopuff,100,2022-01-26,,Series H,COMPANY
Glossier,80,2022-01-26,0.33,Series E,COMPANY
Root Insurance,330,2022-01-20,,Post-IPO,COMPANY
Delivery Hero,300,2021-12-22,,Post-IPO,COMPANY
Better.com,900,2021-12-01,0.09,Unknown,COMPANY
BitTitan,70,2021-11-18,0.27,Acquired,COMPANY
Zillow,2000,2021-11-02,0.25,Post-IPO,COMPANY
InVision,22,2021-10-05,,Unknown,COMPANY
Zymergen,120,2021-09-23,,Post-IPO,COMPANY
Treehouse,41,2021-09-14,0.9,Series B,COMPANY
Tanium,30,2021-08-30,,Unknown,COMPANY
Flockjay,37,2021-08-24,0.5,Series A,COMPANY
Bytedance,1800,2021-08-05,,Unknown,COMPANY
Pagarbook,80,2021-07-26,,Series A,COMPANY
Katerra,2434,2021-06-01,1.0,Unknown,COMPANY
Lambda School,65,2021-04-29,,Series C,COMPANY
Patreon,36,2021-04-26,,Series D,COMPANY
New Relic,160,2021-04-06,0.07,Post-IPO,COMPANY
HuffPo,47,2021-03-09,,Acquired,COMPANY
Ninjacart,200,2021-02-23,,Unknown,COMPANY
Bounce,200,2021-02-22,0.4,Series D,COMPANY
ThredUp,243,2021-02-09,,Series F,COMPANY
Indigo,80,2021-02-09,,Series F,COMPANY
Limelight,13,2021-02-04,1.0,Unknown,COMPANY
Quandoo,87,2021-02-03,0.2,Acquired,COMPANY
Hubba,45,2021-02-01,1.0,Series B,COMPANY
Bytedance,1800,2021-01-27,,Unknown,COMPANY
Privitar,20,2021-01-27,,Series C,COMPANY
Shutterfly,800,2021-01-25,,Acquired,COMPANY
Postmates,180,2021-01-23,0.15,Acquired,COMPANY
Instacart,1877,2021-01-21,,Unknown,COMPANY
Pocketmath,21,2021-01-20,1.0,Unknown,COMPANY
Dropbox,315,2021-01-13,0.15,Post-IPO,COMPANY
WhiteHat Jr,1800,2021-01-06,,Acquired,COMPANY
Pulse Secure,78,2020-12-23,,Acquired,COMPANY
Breather,120,2020-12-16,0.8,Series D,COMPANY
Actifio,54,2020-12-16,,Acquired,COMPANY
OYO,600,2020-12-08,,Series F,COMPANY
Aya,5,2020-11-19,0.25,Seed,COMPANY
Bridge Connector,154,2020-11-17,1.0,Series B,COMPANY
Tidepool,18,2020-11-17,0.4,Unknown,COMPANY
Worksmith,30,2020-11-09,0.5,Unknown,COMPANY
LivePerson,30,2020-11-01,,Post-IPO,COMPANY
Remedy,82,2020-10-29,,Series A,COMPANY
Knotel,20,2020-10-29,0.08,Series C,COMPANY
CodeCombat,8,2020-10-23,,Series A,COMPANY
GetYourGuide,90,2020-10-14,0.17,Series E,COMPANY
OLX India,250,2020-10-10,,Acquired,COMPANY
Alto Pharmacy,47,2020-09-29,0.06,Series D,COMPANY
NS8,240,2020-09-11,0.95,Series A,COMPANY
Bleacher Report,20,2020-09-11,,Acquired,COMPANY
Waze,30,2020-09-09,0.054,Acquired,COMPANY
Big Fish Games,250,2020-09-01,,Acquired,COMPANY
GoBear,22,2020-09-01,0.11,Unknown,COMPANY
MakeMyTrip,350,2020-08-31,0.1,Post-IPO,COMPANY
Salesforce,1000,2020-08-26,0.0185,Post-IPO,COMPANY
Superloop,30,2020-08-24,,Post-IPO,COMPANY
Docly,8,2020-08-19,0.8,Seed,COMPANY
Shopify,30,2020-08-14,,Post-IPO,COMPANY
Mozilla,250,2020-08-11,0.25,Unknown,COMPANY
Eatsy,20,2020-08-08,1.0,Seed,COMPANY
Glossier,150,2020-08-07,0.38,Series D,COMPANY
Thriver,75,2020-08-06,0.5,Series B,COMPANY
Vesta,56,2020-08-05,,Unknown,COMPANY
Booking.com,4375,2020-07-30,0.25,Acquired,COMPANY
Buy.com / Rakuten,87,2020-07-30,1.0,Acquired,COMPANY
Procore,180,2020-07-28,0.09,Unknown,COMPANY
Swiggy,350,2020-07-27,0.05,Series I,COMPANY
Zeitgold,75,2020-07-27,0.72,Series B,COMPANY
Checkr,64,2020-07-23,0.12,Series D,COMPANY
LinkedIn,960,2020-07-21,0.06,Acquired,COMPANY
Lighter Capital,22,2020-07-20,0.49,Series B,COMPANY
Curefit,120,2020-07-17,,Series D,COMPANY
Optimizely,60,2020-07-15,0.15,Series D,COMPANY
Skyscanner,300,2020-07-14,0.2,Acquired,COMPANY
Yelp,63,2020-07-13,,Post-IPO,COMPANY
Bizongo,140,2020-07-10,,Series C,COMPANY
Zilingo,100,2020-07-09,0.12,Series D,COMPANY
PaySense,40,2020-07-09,,Acquired,COMPANY
Funding Circle,85,2020-07-08,,Post-IPO,COMPANY
The Wing,56,2020-07-01,,Series C,COMPANY
Sharethrough,18,2020-07-01,,Series D,COMPANY
Kongregate,12,2020-07-01,,Series C,COMPANY
Havenly,5,2020-07-01,,Series C,COMPANY
G2,17,2020-06-30,0.05,Series C,COMPANY
Katerra,400,2020-06-29,0.07,Series E,COMPANY
Bounce,130,2020-06-29,0.22,Series D,COMPANY
Argo AI,100,2020-06-29,,Unknown,COMPANY
Bossa Nova,61,2020-06-29,,Unknown,COMPANY
New Relic,20,2020-06-29,,Post-IPO,COMPANY
GoDaddy,451,2020-06-24,0.06,Post-IPO,COMPANY
Sonos,174,2020-06-24,0.12,Post-IPO,COMPANY
Gojek,430,2020-06-23,0.09,Series F,COMPANY
ScaleFactor,90,2020-06-23,0.9,Series C,COMPANY
Dark,6,2020-06-23,1.0,Seed,COMPANY
Intuit,715,2020-06-22,0.07,Post-IPO,COMPANY
WeWork,200,2020-06-19,,Series H,COMPANY
Atlas Obscura ,15,2020-06-18,,Series B,COMPANY
Navi,40,2020-06-17,0.25,Private Equity,COMPANY
PaisaBazaar,1500,2020-06-16,0.5,Series G,COMPANY
Grab,360,2020-06-16,0.05,Series I,COMPANY
Splunk,70,2020-06-16,0.01,Post-IPO,COMPANY
Redox,44,2020-06-16,0.25,Series C,COMPANY
Uber,225,2020-06-12,0.25,Post-IPO,COMPANY
SynapseFI,63,2020-06-12,0.48,Series B,COMPANY
ScaleFocus,120,2020-06-11,0.1,Unknown,COMPANY
Branch,3,2020-06-11,0.27,Seed,COMPANY
Her Campus Media,10,2020-06-10,0.18,Unknown,COMPANY
Integrate.ai,26,2020-06-09,,Unknown,COMPANY
The Athletic,46,2020-06-05,0.08,Series D,COMPANY
Ethos Life,18,2020-06-05,0.14,Series C,COMPANY
Lastline,50,2020-06-04,0.4,Series C,COMPANY
Builder,39,2020-06-04,0.14,Series A,COMPANY
Monzo,120,2020-06-03,0.08,Series F,COMPANY
Kitty Hawk,70,2020-06-03,,Unknown,COMPANY
SpotHero,40,2020-06-03,0.21,Series D,COMPANY
Credit Sesame,22,2020-06-03,0.14,Series F,COMPANY
Circ,100,2020-06-02,,Acquired,COMPANY
Rivian,40,2020-06-02,0.02,Private Equity,COMPANY
Fundbox,14,2020-06-02,0.15,Series C,COMPANY
Descartes Labs,12,2020-06-02,0.16,Series B,COMPANY
MakerBot,12,2020-06-02,,Acquired,COMPANY
Stitch Fix,1400,2020-06-01,0.18,Post-IPO,COMPANY
MakeMyTrip,350,2020-06-01,0.1,Post-IPO,COMPANY
CrowdStreet,24,2020-06-01,0.22,Series C,COMPANY
Brex,62,2020-05-29,0.15,Series C,COMPANY
Loftium,32,2020-05-29,0.6,Series A,COMPANY
BookMyShow,270,2020-05-28,0.18,Unknown,COMPANY
TrueCar,219,2020-05-28,0.3,Post-IPO,COMPANY
StubHub,200,2020-05-28,,Acquired,COMPANY
Culture Amp,36,2020-05-28,0.08,Series E,COMPANY
The Sill,20,2020-05-28,0.25,Series A,COMPANY
Instructure,150,2020-05-27,0.12,Acquired,COMPANY
Ebanx,62,2020-05-27,0.08,Unknown,COMPANY
Uber,600,2020-05-26,0.23,Post-IPO,COMPANY
Bluprint,137,2020-05-26,1.0,Acquired,COMPANY
Acorns,50,2020-05-26,,Unknown,COMPANY
CarDekho,200,2020-05-25,,Series D,COMPANY
Teamwork,21,2020-05-22,,Unknown,COMPANY
Cvent,400,2020-05-21,0.1,Acquired,COMPANY
PickYourTrail,70,2020-05-21,0.35,Series A,COMPANY
Glitch,18,2020-05-21,0.36,Series A,COMPANY
Ola,1400,2020-05-20,0.35,Series J,COMPANY
Samsara,300,2020-05-20,0.18,Series F,COMPANY
Stay Alfred,221,2020-05-20,1.0,Series B,COMPANY
SoFi,112,2020-05-20,0.07,Private Equity,COMPANY
ShareChat,101,2020-05-20,0.25,Series D,COMPANY
Intercom,39,2020-05-20,0.06,Series D,COMPANY
Livspace,450,2020-05-19,0.15,Series D,COMPANY
Pollen,69,2020-05-19,0.31,Series B,COMPANY
Dotscience,10,2020-05-19,1.0,Unknown,COMPANY
Uber,3000,2020-05-18,0.13,Post-IPO,COMPANY
Agoda,1500,2020-05-18,0.25,Acquired,COMPANY
Swiggy,1100,2020-05-18,0.14,Series I,COMPANY
WeWork,100,2020-05-18,0.2,Series H,COMPANY
Rubrik,57,2020-05-18,,Series E,COMPANY
Intapp,45,2020-05-18,0.05,Private Equity,COMPANY
Magicbricks,250,2020-05-17,,Unknown,COMPANY
Zomato,520,2020-05-15,0.13,Series J,COMPANY
Lendingkart,500,2020-05-15,0.5,Unknown,COMPANY
Lattice,16,2020-05-15,0.1,Series C,COMPANY
Cruise,150,2020-05-14,0.08,Acquired,COMPANY
Quartz,80,2020-05-14,0.4,Acquired,COMPANY
Integral Ad Science,70,2020-05-14,0.1,Acquired,COMPANY
Ridecell,35,2020-05-14,0.15,Series B,COMPANY
Veem,30,2020-05-14,,Unknown,COMPANY
Deliv,669,2020-05-13,1.0,Series C,COMPANY
Mercos,51,2020-05-13,0.4,Unknown,COMPANY
Kickstarter,25,2020-05-13,0.18,Unknown,COMPANY
Intersect,19,2020-05-13,0.11,Acquired,COMPANY
Mode Analytics,17,2020-05-13,,Series C,COMPANY
Stone,1300,2020-05-12,0.2,Post-IPO,COMPANY
Zeus Living,73,2020-05-12,0.5,Series B,COMPANY
Mixpanel,65,2020-05-12,0.19,Series B,COMPANY
Hireology,36,2020-05-12,0.17,Series D,COMPANY
Top Hat,16,2020-05-12,0.03,Series D,COMPANY
Revolut,60,2020-05-11,0.03,Series D,COMPANY
Cadre,28,2020-05-11,0.25,Series C,COMPANY
N26,9,2020-05-08,0.01,Series D,COMPANY
Jump,500,2020-05-07,1.0,Acquired,COMPANY
Glassdoor,300,2020-05-07,0.3,Acquired,COMPANY
Numbrs,62,2020-05-07,0.5,Series B,COMPANY
Flywire,60,2020-05-07,0.12,Series E,COMPANY
SalesLoft,55,2020-05-07,,Series D,COMPANY
Tally,28,2020-05-07,0.23,Series C,COMPANY
Uber,3700,2020-05-06,0.14,Post-IPO,COMPANY
Validity,130,2020-05-06,0.33,Private Equity,COMPANY
Flatiron School,100,2020-05-06,,Acquired,COMPANY
Rubicon Project,50,2020-05-06,0.08,Post-IPO,COMPANY
Segment,50,2020-05-06,0.1,Series D,COMPANY
Airbnb,1900,2020-05-05,0.25,Private Equity,COMPANY
Juul,900,2020-05-05,0.3,Unknown,COMPANY
Andela,135,2020-05-05,0.1,Series D,COMPANY
Stack Overflow,40,2020-05-05,0.15,Series D,COMPANY
Pipedrive,31,2020-05-05,,Series C,COMPANY
Workable,25,2020-05-05,0.1,Series C,COMPANY
CureFit,800,2020-05-04,0.16,Series D,COMPANY
Careem,536,2020-05-04,0.31,Acquired,COMPANY
Oriente,400,2020-05-04,0.2,Series B,COMPANY
Veriff,63,2020-05-04,0.21,Series A,COMPANY
Element AI,62,2020-05-04,0.15,Series B,COMPANY
Deputy,60,2020-05-04,0.3,Series B,COMPANY
Loopio,11,2020-05-04,0.08,Series A,COMPANY
Trax,120,2020-05-03,0.1,Series D,COMPANY
LiveTiles,50,2020-05-03,,Post-IPO,COMPANY
OYO,150,2020-05-01,,Series F,COMPANY
Namely,110,2020-05-01,0.4,Series E,COMPANY
Culture Trip,95,2020-05-01,0.32,Series B,COMPANY
Sandbox VR,80,2020-05-01,0.8,Series A,COMPANY
Virtudent,70,2020-05-01,,Series A,COMPANY
Monese,35,2020-05-01,,Unknown,COMPANY
TheSkimm,26,2020-05-01,0.2,Series C,COMPANY
Bullhorn,100,2020-04-30,,Acquired,COMPANY
Care.com,81,2020-04-30,,Acquired,COMPANY
Lyft,982,2020-04-29,0.17,Post-IPO,COMPANY
WeWork,300,2020-04-29,,Series H,COMPANY
Kayak / OpenTable,160,2020-04-29,0.08,Acquired,COMPANY
Kitopi,124,2020-04-29,,Series B,COMPANY
Lime,80,2020-04-29,0.13,Series D,COMPANY
Transfix,24,2020-04-29,0.1,Series D,COMPANY
TripAdvisor,900,2020-04-28,0.25,Post-IPO,COMPANY
Renmoney,391,2020-04-28,0.5,Unknown,COMPANY
Deliveroo,367,2020-04-28,0.15,Series G,COMPANY
App Annie,80,2020-04-28,0.18,Unknown,COMPANY
OpenX,35,2020-04-28,0.15,Unknown,COMPANY
PayJoy,27,2020-04-28,0.25,Series B,COMPANY
Shipsi,20,2020-04-28,0.5,Seed,COMPANY
Automation Anywhere,260,2020-04-27,0.1,Series B,COMPANY
JetClosing,20,2020-04-27,0.2,Series A,COMPANY
OYO,500,2020-04-25,,Series F,COMPANY
Stoqo,250,2020-04-25,1.0,Series A,COMPANY
Submittable,30,2020-04-25,0.2,Series B,COMPANY
Divergent 3D,57,2020-04-24,0.36,Series B,COMPANY
Ada Support,36,2020-04-24,0.23,Series B,COMPANY
UPshow,19,2020-04-24,0.3,Series A,COMPANY
Lighter Capital,18,2020-04-24,0.22,Series B,COMPANY
Horizn Studios,15,2020-04-24,0.25,Series B,COMPANY
Welkin Health,10,2020-04-24,0.33,Series B,COMPANY
Jiobit,6,2020-04-24,0.21,Unknown,COMPANY
TutorMundi,4,2020-04-24,1.0,Series A,COMPANY
StockX,100,2020-04-23,0.12,Series C,COMPANY
Zenefits,87,2020-04-23,0.15,Series C,COMPANY
Sisense,80,2020-04-23,0.09,Series F,COMPANY
Oscar Health,70,2020-04-23,0.05,Unknown,COMPANY
Simon Data,6,2020-04-23,,Series C,COMPANY
Magic Leap,1000,2020-04-22,0.5,Series E,COMPANY
When I Work,55,2020-04-22,0.35,Series B,COMPANY
Ike,10,2020-04-22,0.14,Series A,COMPANY
Swiggy,800,2020-04-21,,Series I,COMPANY
Paytm,500,2020-04-21,,Unknown,COMPANY
Lending Club,460,2020-04-21,0.3,Post-IPO,COMPANY
Houzz,155,2020-04-21,0.1,Series E,COMPANY
Casper,78,2020-04-21,0.21,Post-IPO,COMPANY
RealSelf,40,2020-04-21,0.13,Series B,COMPANY
Freshbooks,38,2020-04-21,0.09,Series B,COMPANY
Patreon,30,2020-04-21,0.13,Series D,COMPANY
Lambda School,19,2020-04-21,,Series B,COMPANY
Politico / Protocol,13,2020-04-21,,Unknown,COMPANY
Bringg,10,2020-04-21,0.1,Series D,COMPANY
Klook,300,2020-04-20,0.15,Series D,COMPANY
ConsenSys,91,2020-04-20,0.14,Unknown,COMPANY
GumGum,90,2020-04-20,0.25,Series D,COMPANY
Kueski,90,2020-04-20,0.3,Series B,COMPANY
Movidesk,33,2020-04-20,0.25,Seed,COMPANY
Zum,28,2020-04-20,,Series C,COMPANY
Komodo Health,23,2020-04-20,0.09,Series C,COMPANY
Forward,10,2020-04-20,0.03,Series C,COMPANY
BlackBuck,200,2020-04-17,,Series D,COMPANY
ContaAzul,140,2020-04-17,0.35,Series D,COMPANY
Greenhouse Software,120,2020-04-17,0.28,Series D,COMPANY
QuintoAndar,88,2020-04-17,0.08,Series D,COMPANY
Loft,47,2020-04-17,0.1,Series C,COMPANY
Zilingo,44,2020-04-17,0.05,Series D,COMPANY
Labster,40,2020-04-17,,Series B,COMPANY
Sweetgreen,35,2020-04-17,0.1,Series I,COMPANY
People.ai,30,2020-04-17,0.18,Series C,COMPANY
Tor,13,2020-04-17,0.37,Unknown,COMPANY
CarGurus,130,2020-04-16,0.13,Post-IPO,COMPANY
Funding Societies,65,2020-04-16,0.18,Series B,COMPANY
CleverTap,60,2020-04-16,0.2,Series C,COMPANY
Opendoor,600,2020-04-15,0.35,Series E,COMPANY
GoPro,200,2020-04-15,0.2,Post-IPO,COMPANY
Shop101,200,2020-04-15,0.4,Series C,COMPANY
Zume,200,2020-04-15,0.67,Unknown,COMPANY
Carta,161,2020-04-15,0.16,Series E,COMPANY
Akulaku,100,2020-04-15,,Series D,COMPANY
Parsable,40,2020-04-15,0.25,Series C,COMPANY
Kodiak Robotics,15,2020-04-15,0.2,Series A,COMPANY
Tulip Retail,14,2020-04-15,,Series B,COMPANY
Trove Recommerce,13,2020-04-15,,Series C,COMPANY
The RealReal,235,2020-04-14,0.1,Post-IPO,COMPANY
TouchBistro,131,2020-04-14,0.23,Series E,COMPANY
Envoy,58,2020-04-14,0.3,Series B,COMPANY
VSCO,45,2020-04-14,0.35,Series B,COMPANY
Skillz,21,2020-04-14,,Series D,COMPANY
DataStax,15,2020-04-14,,Series E,COMPANY
Xerpa,10,2020-04-14,,Unknown,COMPANY
Groupon,2800,2020-04-13,0.44,Post-IPO,COMPANY
Zoox,100,2020-04-13,0.1,Series B,COMPANY
Neon,70,2020-04-13,0.1,Series B,COMPANY
EasyPost,50,2020-04-13,0.25,Series A,COMPANY
Clearbanc,17,2020-04-13,0.08,Series B,COMPANY
Meow Wolf,201,2020-04-10,,Unknown,COMPANY
Frontdesk,35,2020-04-10,0.16,Unknown,COMPANY
BeeTech,30,2020-04-10,,Series B,COMPANY
Built In,28,2020-04-10,,Series C,COMPANY
NuoDB,20,2020-04-10,0.29,Unknown,COMPANY
Rhumbix,16,2020-04-10,0.27,Series B,COMPANY
Atsu,6,2020-04-10,1.0,Unknown,COMPANY
Geekwire,5,2020-04-10,0.31,Unknown,COMPANY
Yelp,1000,2020-04-09,0.17,Post-IPO,COMPANY
Monzo,165,2020-04-09,,Series F,COMPANY
OneTrust,150,2020-04-09,0.1,Series B,COMPANY
Omie,136,2020-04-09,0.31,Series B,COMPANY
Domo,90,2020-04-09,0.1,Post-IPO,COMPANY
Matterport,90,2020-04-09,0.34,Series D,COMPANY
Clinc,40,2020-04-09,0.32,Series B,COMPANY
Mejuri,36,2020-04-09,0.15,Series B,COMPANY
Code42,25,2020-04-09,0.05,Series B,COMPANY
Lighthouse Labs,14,2020-04-09,0.07,Unknown,COMPANY
LoopMe,8,2020-04-09,0.04,Unknown,COMPANY
Eventbrite,500,2020-04-08,0.45,Post-IPO,COMPANY
Meesho,200,2020-04-08,0.28,Series D,COMPANY
Scoop,92,2020-04-08,0.33,Series C,COMPANY
Unison,89,2020-04-08,0.45,Series B,COMPANY
Lever,86,2020-04-08,0.4,Series C,COMPANY
Unbabel,80,2020-04-08,0.35,Series C,COMPANY
Button,48,2020-04-08,0.35,Series C,COMPANY
Eden / Managed By Q,40,2020-04-08,0.4,Series B,COMPANY
Quantcast,30,2020-04-08,0.05,Series C,COMPANY
BVAccel,25,2020-04-08,0.25,Unknown,COMPANY
VideoAmp,21,2020-04-08,0.1,Series C,COMPANY
Kenoby,18,2020-04-08,0.16,Unknown,COMPANY
Connected,17,2020-04-08,0.1,Unknown,COMPANY
GetNinjas,11,2020-04-08,0.1,Series B,COMPANY
Spyce,4,2020-04-08,0.12,Series A,COMPANY
Toast,1300,2020-04-07,0.5,Series F,COMPANY
ezCater,400,2020-04-07,0.44,Series D,COMPANY
Sage Therapeutics,340,2020-04-07,0.53,Post-IPO,COMPANY
Redfin,236,2020-04-07,0.07,Post-IPO,COMPANY
Branch Metrics,100,2020-04-07,0.2,Series E,COMPANY
Newfront Insurance,94,2020-04-07,,Unknown,COMPANY
Ibotta,87,2020-04-07,0.15,Series D,COMPANY
Virta Health,65,2020-04-07,,Series C,COMPANY
Away,60,2020-04-07,0.1,Series D,COMPANY
MediaMath,53,2020-04-07,0.08,Private Equity,COMPANY
Group Nine Media,50,2020-04-07,0.07,Unknown,COMPANY
Payfactors,46,2020-04-07,,Unknown,COMPANY
Nav,30,2020-04-07,,Series C,COMPANY
Metromile,100,2020-04-06,0.33,Series E,COMPANY
Rock Content,100,2020-04-06,0.2,Series A,COMPANY
BounceX,77,2020-04-06,0.2,Series B,COMPANY
C6 Bank,60,2020-04-06,0.06,Unknown,COMPANY
Wordstream,26,2020-04-06,0.1,Acquired,COMPANY
Cogito,24,2020-04-06,0.14,Series C,COMPANY
BusBud,23,2020-04-06,0.32,Series B,COMPANY
Borrowell,15,2020-04-06,0.2,Series B,COMPANY
PerkSpot,10,2020-04-06,0.1,Private Equity,COMPANY
Astra,40,2020-04-05,0.25,Unknown,COMPANY
Iflix,50,2020-04-04,0.12,Unknown,COMPANY
Gympass,467,2020-04-03,0.33,Series D,COMPANY
Sojern,300,2020-04-03,0.5,Series D,COMPANY
MaxMilhas,167,2020-04-03,0.42,Unknown,COMPANY
Minted,147,2020-04-03,0.37,Series E,COMPANY
Velodyne Lidar,140,2020-04-03,,Unknown,COMPANY
Zoox,120,2020-04-03,,Series B,COMPANY
Traveloka,100,2020-04-03,0.1,Unknown,COMPANY
Arrive Logistics,75,2020-04-03,0.07,Series B,COMPANY
Salsify,60,2020-04-03,0.13,Series D,COMPANY
Jetty,35,2020-04-03,0.4,Series B,COMPANY
D2iQ,34,2020-04-03,0.13,Series D,COMPANY
Bustle Digital Group,24,2020-04-03,0.08,Series E,COMPANY
Bustle Digital Group,19,2020-04-03,,Series E,COMPANY
Opencare,18,2020-04-03,0.25,Series A,COMPANY
Anagram,17,2020-04-03,,Series A,COMPANY
G/O Media Group,14,2020-04-03,0.05,Unknown,COMPANY
DSCO,12,2020-04-03,,Series A,COMPANY
Tripbam,10,2020-04-03,0.25,Unknown,COMPANY
Avantage Entertainment,5,2020-04-03,0.2,Unknown,COMPANY
MindBody,700,2020-04-02,0.35,Post-IPO,COMPANY
Katerra,240,2020-04-02,0.03,Series D,COMPANY
Ritual,196,2020-04-02,0.54,Series C,COMPANY
ClassPass,154,2020-04-02,0.22,Series E,COMPANY
eGym,100,2020-04-02,0.25,Series D,COMPANY
Voi,100,2020-04-02,,Series B,COMPANY
Industrious,90,2020-04-02,0.2,Series D,COMPANY
1stdibs,70,2020-04-02,0.17,Series D,COMPANY
ThirdLove,65,2020-04-02,0.3,Series B,COMPANY
Latch,60,2020-04-02,,Series B,COMPANY
The Predictive Index,59,2020-04-02,0.25,Acquired,COMPANY
Shuttl,40,2020-04-02,,Series C,COMPANY
Jobcase,39,2020-04-02,0.2,Private Equity,COMPANY
Copper,35,2020-04-02,,Series C,COMPANY
Dynamic Signal,35,2020-04-02,0.19,Series E,COMPANY
FiscalNote,30,2020-04-02,,Series D,COMPANY
Sauce Labs,30,2020-04-02,0.15,Unknown,COMPANY
Humu,26,2020-04-02,,Series B,COMPANY
TripleLift,23,2020-04-02,0.07,Series B,COMPANY
Coding Dojo,7,2020-04-02,0.07,Unknown,COMPANY
Instamojo,6,2020-04-02,0.06,Unknown,COMPANY
Synergysuite,5,2020-04-02,0.07,Series A,COMPANY
Booksy,200,2020-04-01,,Series B,COMPANY
Flymya,200,2020-04-01,0.33,Unknown,COMPANY
PatientPop,100,2020-04-01,0.2,Series B,COMPANY
Showpad,52,2020-04-01,0.12,Series D,COMPANY
Highsnobiety,51,2020-04-01,0.25,Series A,COMPANY
Earnin,50,2020-04-01,0.2,Series C,COMPANY
Wonolo,46,2020-04-01,0.13,Series C,COMPANY
Acko,45,2020-04-01,0.09,Unknown,COMPANY
Moovel,28,2020-04-01,0.37,Unknown,COMPANY
Aqua Security,24,2020-04-01,0.09,Series C,COMPANY
Crayon,20,2020-04-01,0.2,Series A,COMPANY
Pana,18,2020-04-01,,Series A,COMPANY
Sensibill,17,2020-04-01,0.2,Series B,COMPANY
Usermind,15,2020-04-01,0.25,Series C,COMPANY
Incredible Health,9,2020-04-01,0.4,Series A,COMPANY
KeepTruckin,349,2020-03-31,0.18,Series D,COMPANY
AdRoll,210,2020-03-31,0.3,Series C,COMPANY
Rover,194,2020-03-31,0.41,Series G,COMPANY
Turo,108,2020-03-31,0.3,Series E,COMPANY
uShip,65,2020-03-31,0.37,Series D,COMPANY
SkySlope,50,2020-03-31,0.25,Acquired,COMPANY
Siteimprove,40,2020-03-31,,Unknown,COMPANY
AngelList,20,2020-03-31,,Series B,COMPANY
Zenoti,17,2020-03-31,0.04,Series C,COMPANY
DialSource,5,2020-03-31,0.14,Series B,COMPANY
Thumbtack,250,2020-03-30,0.3,Series F,COMPANY
RigUp,120,2020-03-30,0.25,Series D,COMPANY
FabHotels,80,2020-03-30,0.2,Series B,COMPANY
Hibob,70,2020-03-30,0.3,Series A,COMPANY
PeerStreet,51,2020-03-30,0.3,Series C,COMPANY
Maven,31,2020-03-30,0.09,Post-IPO,COMPANY
Blume Global,30,2020-03-30,0.1,Unknown,COMPANY
Catalant,30,2020-03-30,,Series E,COMPANY
Starship Technologies,30,2020-03-30,,Series A,COMPANY
Loftsmart,25,2020-03-30,0.75,Series A,COMPANY
Caliva,20,2020-03-30,,Series A,COMPANY
Iris Nova,9,2020-03-30,0.5,Seed,COMPANY
ZipRecruiter,400,2020-03-29,0.39,Series B,COMPANY
Amplero,17,2020-03-29,1.0,Series B,COMPANY
Polarr,10,2020-03-29,,Series A,COMPANY
TravelTriangle,250,2020-03-28,0.5,Series D,COMPANY
WeWork,250,2020-03-28,,Series H,COMPANY
OneWeb,451,2020-03-27,0.85,Unknown,COMPANY
Bird,406,2020-03-27,0.3,Series D,COMPANY
HOOQ,250,2020-03-27,1.0,Unknown,COMPANY
Everlane,227,2020-03-27,,Unknown,COMPANY
DataRobot,200,2020-03-27,,Series E,COMPANY
Restaurant365,175,2020-03-27,,Series C,COMPANY
Blueground,130,2020-03-27,0.25,Series B,COMPANY
Knotel,127,2020-03-27,0.3,Series C,COMPANY
Getaround,100,2020-03-27,0.25,Series D,COMPANY
Zipcar,100,2020-03-27,0.2,Acquired,COMPANY
Mogo,78,2020-03-27,0.3,Post-IPO,COMPANY
DISCO,75,2020-03-27,,Series E,COMPANY
Raken,60,2020-03-27,,Series A,COMPANY
Bench,47,2020-03-27,0.1,Series B,COMPANY
Loft,47,2020-03-27,,Series C,COMPANY
Oh My Green,40,2020-03-27,,Seed,COMPANY
Bevi,30,2020-03-27,0.2,Series C,COMPANY
Textio,30,2020-03-27,0.2,Unknown,COMPANY
Opal,20,2020-03-27,,Series B,COMPANY
ThirdLove,10,2020-03-27,,Series B,COMPANY
B8ta,250,2020-03-26,0.5,Series C,COMPANY
Fareportal,200,2020-03-26,,Unknown,COMPANY
Puppet,50,2020-03-26,0.1,Series F,COMPANY
Ecobee,47,2020-03-26,0.1,Series C,COMPANY
Passport,44,2020-03-26,,Series D,COMPANY
Peerspace,41,2020-03-26,0.75,Series B,COMPANY
GoSpotCheck,23,2020-03-26,0.2,Series B,COMPANY
Consider.co,13,2020-03-26,1.0,Seed,COMPANY
TripActions,300,2020-03-25,0.25,Series D,COMPANY
Lyric,100,2020-03-25,,Series B,COMPANY
Rangle,78,2020-03-25,0.3,Unknown,COMPANY
O'Reilly Media,75,2020-03-25,0.15,Unknown,COMPANY
WanderJaunt,56,2020-03-25,0.23,Series B,COMPANY
OutboundEngine,52,2020-03-25,0.28,Series C,COMPANY
Wonderschool,50,2020-03-25,0.75,Series A,COMPANY
Overtime,30,2020-03-25,0.23,Series B,COMPANY
Jama,12,2020-03-25,0.05,Unknown,COMPANY
Element Analytics,10,2020-03-25,,Series A,COMPANY
Sonder,400,2020-03-24,0.33,Series D,COMPANY
Takl,130,2020-03-24,,Unknown,COMPANY
Foodsby,87,2020-03-24,0.67,Series B,COMPANY
Zeus Living,80,2020-03-24,0.3,Series B,COMPANY
TravelBank,20,2020-03-24,,Series B,COMPANY
Compass,375,2020-03-23,0.15,Series G,COMPANY
Convene,150,2020-03-23,0.18,Series D,COMPANY
Leafly,91,2020-03-23,0.5,Acquired,COMPANY
The Guild,38,2020-03-23,0.22,Series B,COMPANY
Drip,20,2020-03-23,,Acquired,COMPANY
GrayMeta,20,2020-03-23,0.4,Unknown,COMPANY
Triplebyte,15,2020-03-23,0.17,Series B,COMPANY
Ladder Life,13,2020-03-23,0.25,Series C,COMPANY
Flywheel Sports,784,2020-03-20,0.98,Acquired,COMPANY
Peek,45,2020-03-20,,Series B,COMPANY
CTO.ai,30,2020-03-20,0.5,Seed,COMPANY
Yonder,18,2020-03-20,,Series A,COMPANY
Bounce,120,2020-03-19,,Series D,COMPANY
Ejento,84,2020-03-19,1.0,Unknown,COMPANY
Remote Year,50,2020-03-19,0.5,Series B,COMPANY
Lola,34,2020-03-19,,Series C,COMPANY
Flytedesk,4,2020-03-18,0.2,Seed,COMPANY
Inspirato,130,2020-03-16,0.22,Series C,COMPANY
Help.com,16,2020-03-16,1.0,Seed,COMPANY
HopSkipDrive,8,2020-03-13,0.1,Unknown,COMPANY
Panda Squad,6,2020-03-13,0.75,Seed,COMPANY
Tamara Mellon,20,2020-03-12,0.4,Series C,COMPANY
EasyPost,75,2020-03-11,,Series A,COMPANY
Blackbaud,500,,0.14,Post-IPO,COMPANY
